id,Data,Volume,VolumePercentual,sofrendo,sequencia
795.0,2014-11-23,3095.34,66.8,FALSE,2
795.0,2015-02-01,3018.69,62.4,FALSE,2
795.0,2016-02-28,3108.52,64.3,FALSE,5
795.0,2016-05-29,2940.85,60.8,FALSE,5
795.0,2016-07-31,2873.78,59.4,FALSE,6
795.0,2016-09-12,2819.88,58.3,FALSE,6
12003.0,2012-04-30,18.15,61.3,TRUE,7
12003.0,2013-03-31,5.77,19.5,TRUE,7
12003.0,2013-07-31,10.4,35.1,TRUE,8
12003.0,2014-02-28,5.34,18.0,TRUE,8
12003.0,2014-05-31,11.84,40.0,TRUE,9
12003.0,2015-02-28,5.47,18.5,TRUE,9
12003.0,2015-04-30,7.78,26.3,TRUE,10
12003.0,2015-05-31,7.57,25.6,TRUE,10
12003.0,2015-07-31,12.44,42.0,TRUE,11
12003.0,2016-03-31,7.19,24.3,TRUE,11
12003.0,2016-04-30,10.77,36.4,TRUE,12
12003.0,2017-02-28,3.47,11.7,TRUE,12
12004.0,2012-02-29,43.42,83.5,FALSE,13
12004.0,2012-03-28,43.11,82.9,FALSE,13
12004.0,2012-04-30,44.72,86.0,FALSE,14
12004.0,2013-02-28,27.46,52.8,FALSE,14
12004.0,2013-05-31,39.2,75.4,FALSE,15
12004.0,2014-03-31,25.77,49.6,FALSE,15
12004.0,2014-05-31,29.66,57.0,FALSE,16
12004.0,2014-10-31,12.47,24.0,FALSE,16
12004.0,2014-11-28,20.88,40.2,FALSE,17
12004.0,2015-02-28,9.04,17.4,FALSE,17
12004.0,2015-03-31,20.0,38.4,FALSE,18
12004.0,2015-12-31,11.5,22.1,FALSE,18
12004.0,2016-01-31,11.84,22.8,FALSE,19
12004.0,2016-02-29,11.77,22.6,FALSE,19
12004.0,2016-05-31,23.02,44.3,FALSE,20
12004.0,2017-01-31,15.4,29.6,FALSE,20
12005.0,2013-07-30,99.78,39.4,TRUE,21
12005.0,2013-08-29,99.49,39.3,TRUE,21
12005.0,2013-09-30,99.78,39.4,TRUE,22
12005.0,2014-06-30,65.64,25.9,TRUE,22
12005.0,2014-07-30,65.79,26.0,TRUE,23
12005.0,2015-06-30,40.48,16.0,TRUE,23
12005.0,2015-08-31,42.77,16.9,TRUE,24
12005.0,2016-01-19,33.05,13.1,TRUE,24
12005.0,2016-02-15,33.62,13.3,TRUE,25
12005.0,2016-04-15,30.6,12.1,TRUE,25
12005.0,2016-06-21,32.86,13.0,TRUE,26
12005.0,2017-03-17,14.8,5.8,TRUE,26
12006.0,2012-02-29,3.15,60.0,TRUE,27
12006.0,2013-03-30,0.95,18.1,TRUE,27
12006.0,2013-05-31,1.13,21.4,TRUE,28
12006.0,2013-06-30,1.05,20.0,TRUE,28
12006.0,2013-07-31,1.1,20.9,TRUE,29
12006.0,2014-01-31,0.34,6.5,TRUE,29
12006.0,2014-05-31,1.06,20.2,TRUE,30
12006.0,2014-07-23,0.0,0.0,TRUE,30
12006.0,2014-08-31,0.81,15.4,TRUE,31
12006.0,2015-01-31,0.13,2.5,TRUE,31
12006.0,2015-04-30,0.19,3.6,TRUE,32
12006.0,2015-09-14,0.02,0.4,TRUE,32
12006.0,2016-09-05,0.02,0.4,TRUE,33
12006.0,2016-11-30,0.0,0.0,TRUE,33
12008.0,2013-04-28,4.38,67.8,FALSE,34
12008.0,2013-05-28,4.19,64.9,FALSE,34
12008.0,2013-07-28,5.03,77.9,FALSE,35
12008.0,2013-08-29,5.02,77.7,FALSE,35
12008.0,2013-09-30,5.39,83.4,FALSE,36
12008.0,2013-12-26,4.67,72.3,FALSE,36
12008.0,2014-01-24,4.71,72.9,FALSE,37
12008.0,2014-06-13,3.08,47.7,FALSE,37
12008.0,2014-08-27,3.57,55.3,FALSE,38
12008.0,2014-10-27,3.09,47.8,FALSE,38
12008.0,2015-03-13,4.57,70.7,FALSE,39
12008.0,2015-05-27,4.08,63.2,FALSE,39
12008.0,2015-09-30,5.67,87.8,FALSE,40
12008.0,2016-06-29,2.1,32.5,FALSE,40
12008.0,2017-01-25,3.56,55.1,FALSE,41
12008.0,2017-02-15,3.53,54.6,FALSE,41
12009.0,2013-01-28,0.81,35.5,FALSE,42
12009.0,2013-03-28,0.42,18.4,FALSE,42
12009.0,2013-08-12,2.31,101.3,FALSE,43
12009.0,2014-02-19,2.17,95.2,FALSE,43
12009.0,2014-04-28,2.35,103.1,FALSE,44
12009.0,2014-06-30,2.32,101.8,FALSE,44
12009.0,2014-07-22,2.33,102.2,FALSE,45
12009.0,2014-10-27,2.29,100.4,FALSE,45
12009.0,2014-12-26,2.3,100.9,FALSE,46
12009.0,2015-02-16,2.26,99.1,FALSE,46
12009.0,2015-05-21,2.33,102.2,FALSE,47
12009.0,2015-12-29,2.12,93.0,FALSE,47
12009.0,2016-01-25,2.33,102.2,FALSE,48
12009.0,2016-02-18,2.29,100.4,FALSE,48
12009.0,2016-04-25,2.27,99.6,FALSE,49
12009.0,2016-05-24,2.24,98.2,FALSE,49
12009.0,2016-06-28,2.33,102.2,FALSE,50
12009.0,2017-03-02,1.22,53.5,FALSE,50
12011.0,2013-05-01,0.14,7.6,TRUE,51
12011.0,2013-09-01,0.1,5.5,TRUE,51
12011.0,2014-06-01,0.75,41.0,TRUE,52
12011.0,2015-09-21,0.28,15.3,TRUE,52
12011.0,2016-06-13,0.27,14.8,TRUE,54
12011.0,2017-01-26,0.04,2.0,TRUE,54
12014.0,2013-07-01,0.08,7.8,TRUE,56
12014.0,2014-06-02,0.02,1.9,TRUE,56
12014.0,2014-08-26,0.0,0.0,TRUE,57
12014.0,2014-09-01,0.0,0.0,TRUE,57
12022.0,2013-12-28,4.85,35.5,FALSE,61
12022.0,2014-11-28,3.12,22.8,FALSE,61
12022.0,2014-12-31,3.68,26.9,FALSE,62
12022.0,2015-12-28,2.05,15.0,FALSE,62
12022.0,2016-03-28,12.83,93.8,FALSE,63
12022.0,2017-03-06,8.84,64.6,FALSE,63
12023.0,2012-01-31,37.87,67.6,TRUE,64
12023.0,2012-02-29,37.45,66.8,TRUE,64
12023.0,2012-04-30,39.64,70.7,TRUE,65
12023.0,2013-03-31,16.46,29.4,TRUE,65
12023.0,2013-05-31,19.28,34.4,TRUE,66
12023.0,2014-02-28,5.4,9.6,TRUE,66
12023.0,2014-05-31,13.31,23.8,TRUE,67
12023.0,2015-01-31,2.44,4.4,TRUE,67
12023.0,2015-04-30,4.54,8.1,TRUE,68
12023.0,2015-12-31,1.52,2.7,TRUE,68
12023.0,2016-04-30,22.05,39.3,TRUE,69
12023.0,2017-01-31,7.77,13.9,TRUE,69
12027.0,2012-02-29,148.11,86.8,TRUE,70
12027.0,2013-04-30,58.62,34.3,TRUE,70
12027.0,2013-07-31,66.9,39.2,TRUE,71
12027.0,2014-02-28,44.44,26.0,TRUE,71
12027.0,2014-05-31,62.47,36.6,TRUE,72
12027.0,2015-02-28,39.12,22.9,TRUE,72
12027.0,2015-04-30,43.33,25.4,TRUE,73
12027.0,2015-06-30,42.89,25.1,TRUE,73
12027.0,2015-07-31,54.48,31.9,TRUE,74
12027.0,2017-02-28,10.31,6.0,TRUE,74
12030.0,2012-02-29,699.4,78.5,TRUE,77
12030.0,2012-11-30,468.13,52.5,TRUE,77
12030.0,2012-11-30,468.71,52.6,TRUE,78
12030.0,2013-04-30,366.79,41.2,TRUE,78
12030.0,2013-04-30,367.37,41.2,TRUE,79
12030.0,2014-03-31,171.92,19.3,TRUE,79
12030.0,2014-04-30,178.01,20.0,TRUE,80
12030.0,2015-02-28,69.55,7.8,TRUE,80
12030.0,2015-04-30,86.2,9.7,TRUE,81
12030.0,2016-03-31,32.99,3.7,TRUE,81
12030.0,2016-04-30,47.22,5.3,TRUE,82
12030.0,2017-01-31,29.35,3.3,TRUE,82
12035.0,2013-05-27,1.45,40.3,TRUE,83
12035.0,2014-02-01,0.83,23.1,TRUE,83
12035.0,2014-05-20,1.09,30.3,TRUE,84
12035.0,2015-01-01,0.53,14.7,TRUE,84
12035.0,2015-03-30,0.44,12.2,TRUE,85
12035.0,2015-10-01,0.26,7.2,TRUE,85
12035.0,2016-01-26,0.12,3.3,TRUE,86
12035.0,2016-05-02,0.07,1.9,TRUE,86
12035.0,2016-07-27,0.03,0.8,TRUE,87
12035.0,2016-10-13,0.01,0.3,TRUE,87
12039.0,2012-01-31,1255.46,78.4,TRUE,88
12039.0,2015-12-31,8.33,0.5,TRUE,88
12039.0,2016-01-31,8.38,0.5,TRUE,89
12039.0,2016-03-31,7.54,0.5,TRUE,89
12039.0,2016-04-30,13.48,0.8,TRUE,90
12039.0,2017-01-31,6.34,0.4,TRUE,90
12041.0,2012-05-12,0.42,15.2,TRUE,92
12041.0,2012-11-09,0.1,3.6,TRUE,92
12041.0,2013-01-29,0.0,0.0,TRUE,93
12041.0,2013-02-28,0.0,0.0,TRUE,93
12041.0,2014-01-08,0.03,1.1,TRUE,94
12041.0,2014-03-18,0.0,0.0,TRUE,94
12043.0,2012-01-31,48.03,48.3,TRUE,98
12043.0,2014-07-30,0.0,0.0,TRUE,98
12043.0,2014-08-31,3.71,3.7,TRUE,99
12043.0,2015-09-30,0.01,0.0,TRUE,99
12043.0,2016-09-05,0.01,0.0,TRUE,100
12043.0,2016-11-30,0.0,0.0,TRUE,100
12044.0,2012-01-20,14.02,26.5,TRUE,101
12044.0,2014-02-28,6.03,11.4,TRUE,101
12044.0,2014-03-31,7.3,13.8,TRUE,102
12044.0,2015-05-08,4.65,8.8,TRUE,102
12044.0,2015-07-20,4.32,8.2,TRUE,103
12044.0,2016-01-11,2.88,5.5,TRUE,103
12044.0,2016-04-12,2.97,5.6,TRUE,105
12044.0,2016-06-28,2.37,4.5,TRUE,105
12044.0,2017-01-09,0.9,1.7,TRUE,107
12044.0,2017-02-20,0.8,1.5,TRUE,107
12045.0,2012-01-31,0.31,16.0,TRUE,108
12045.0,2012-11-01,0.1,5.2,TRUE,108
12045.0,2012-12-11,0.14,7.0,TRUE,109
12045.0,2013-03-27,0.0,0.0,TRUE,109
12045.0,2013-05-28,0.16,8.2,TRUE,110
12045.0,2013-07-30,0.15,7.5,TRUE,110
12045.0,2014-06-16,0.36,18.3,TRUE,111
12045.0,2014-08-01,0.25,12.9,TRUE,111
12045.0,2015-06-30,0.09,4.7,TRUE,113
12045.0,2015-11-03,0.0,0.0,TRUE,113
12046.0,2013-05-01,7.78,44.3,TRUE,114
12046.0,2014-03-25,4.37,24.9,TRUE,114
12046.0,2014-05-26,5.61,31.9,TRUE,115
12046.0,2014-07-30,5.12,29.1,TRUE,115
12046.0,2014-08-06,5.17,29.4,TRUE,116
12046.0,2015-02-23,3.15,17.9,TRUE,116
12046.0,2015-03-27,4.91,28.0,TRUE,117
12046.0,2016-04-11,2.06,11.7,TRUE,117
12046.0,2016-08-13,1.58,9.0,TRUE,119
12046.0,2016-12-07,0.03,0.2,TRUE,119
12047.0,2013-07-01,0.01,0.8,TRUE,120
12047.0,2013-09-01,0.0,0.0,TRUE,120
12047.0,2014-04-03,0.26,20.5,TRUE,121
12047.0,2014-06-01,0.25,19.7,TRUE,121
12047.0,2014-10-01,0.22,17.3,TRUE,123
12047.0,2015-02-01,0.08,6.3,TRUE,123
12047.0,2015-05-06,0.1,7.9,TRUE,124
12047.0,2015-06-15,0.08,6.3,TRUE,124
12047.0,2015-07-10,0.1,7.9,TRUE,125
12047.0,2015-09-22,0.02,1.6,TRUE,125
12047.0,2015-12-09,0.0,0.0,TRUE,126
12047.0,2016-01-04,0.0,0.0,TRUE,126
12050.0,2012-01-29,27.15,88.3,TRUE,127
12050.0,2012-04-30,24.05,78.2,TRUE,127
12050.0,2012-05-06,25.43,82.7,TRUE,128
12050.0,2013-04-30,12.91,42.0,TRUE,128
12050.0,2013-05-31,14.81,48.2,TRUE,129
12050.0,2013-06-30,14.38,46.8,TRUE,129
12050.0,2013-07-31,14.92,48.5,TRUE,130
12050.0,2015-11-19,1.24,4.0,TRUE,130
12050.0,2016-01-22,0.9,2.9,TRUE,131
12050.0,2016-04-15,0.0,0.0,TRUE,131
12052.0,2012-01-31,14.82,75.7,TRUE,133
12052.0,2012-02-29,14.66,75.0,TRUE,133
12052.0,2012-03-28,14.82,75.7,TRUE,134
12052.0,2014-01-31,4.18,21.4,TRUE,134
12052.0,2014-02-28,4.9,25.0,TRUE,135
12052.0,2015-02-28,2.23,11.4,TRUE,135
12052.0,2015-03-31,4.53,23.2,TRUE,136
12052.0,2015-09-30,3.33,17.0,TRUE,136
12052.0,2015-10-31,3.91,20.0,TRUE,137
12052.0,2015-12-31,3.39,17.3,TRUE,137
12052.0,2016-01-31,5.46,27.9,TRUE,138
12052.0,2017-02-28,2.56,13.1,TRUE,138
12053.0,2013-05-22,0.63,13.8,TRUE,139
12053.0,2014-02-03,0.01,0.2,TRUE,139
12053.0,2014-04-30,0.19,4.2,TRUE,140
12053.0,2014-05-21,0.0,0.0,TRUE,140
12053.0,2014-07-23,0.19,4.2,TRUE,141
12053.0,2014-09-17,0.0,0.0,TRUE,141
12053.0,2015-04-22,0.03,0.7,TRUE,142
12053.0,2015-06-05,0.0,0.0,TRUE,142
12053.0,2016-02-26,0.19,4.2,TRUE,143
12053.0,2016-08-24,0.0,0.0,TRUE,143
12054.0,2012-01-31,308.55,41.1,TRUE,144
12054.0,2012-10-31,185.47,24.7,TRUE,144
12054.0,2012-11-30,201.68,26.9,TRUE,145
12054.0,2012-12-31,195.01,26.0,TRUE,145
12054.0,2013-01-31,200.73,26.8,TRUE,146
12054.0,2013-03-31,186.43,24.9,TRUE,146
12054.0,2013-04-30,191.19,25.5,TRUE,147
12054.0,2013-10-31,126.37,16.8,TRUE,147
12054.0,2014-01-31,291.69,38.9,TRUE,148
12054.0,2014-10-31,187.38,25.0,TRUE,148
12054.0,2014-11-30,195.01,26.0,TRUE,149
12054.0,2016-01-06,94.61,12.6,TRUE,149
12057.0,2012-12-06,0.18,11.0,TRUE,151
12057.0,2013-01-30,0.11,6.8,TRUE,151
12059.0,2013-05-10,0.06,17.6,TRUE,154
12059.0,2013-07-01,0.04,11.8,TRUE,154
12059.0,2013-09-02,0.03,8.8,TRUE,155
12059.0,2013-11-01,0.01,2.9,TRUE,155
12059.0,2014-01-01,0.0,0.0,TRUE,156
12059.0,2014-04-01,0.01,2.9,TRUE,156
12059.0,2014-08-21,0.0,0.0,TRUE,157
12059.0,2014-09-16,0.0,0.0,TRUE,157
12059.0,2015-05-07,0.04,11.8,TRUE,158
12059.0,2015-07-06,0.03,8.8,TRUE,158
12059.0,2015-09-18,0.02,5.9,TRUE,159
12059.0,2015-10-31,0.01,2.9,TRUE,159
12059.0,2016-01-05,0.0,0.0,TRUE,160
12059.0,2016-02-19,0.0,0.0,TRUE,160
12059.0,2016-04-12,0.06,17.6,TRUE,161
12059.0,2016-11-04,0.01,2.9,TRUE,161
12060.0,2013-04-11,6.03,42.6,TRUE,162
12060.0,2014-03-01,4.19,29.6,TRUE,162
12060.0,2014-09-25,4.98,35.1,TRUE,164
12060.0,2014-12-11,4.56,32.2,TRUE,164
12060.0,2015-02-10,4.23,29.8,TRUE,165
12060.0,2015-10-14,3.28,23.2,TRUE,165
12060.0,2016-01-26,1.54,10.9,TRUE,166
12060.0,2016-03-16,1.34,9.5,TRUE,166
12060.0,2016-05-25,2.82,19.9,TRUE,167
12060.0,2016-09-23,1.91,13.5,TRUE,167
12060.0,2016-12-01,2.86,20.2,TRUE,168
12060.0,2017-03-15,1.33,9.4,TRUE,168
12063.0,2012-02-29,4.1,68.3,TRUE,171
12063.0,2013-03-31,1.16,19.2,TRUE,171
12063.0,2013-04-30,1.2,20.0,TRUE,172
12063.0,2013-11-30,0.43,7.2,TRUE,172
12063.0,2014-03-31,0.48,8.0,TRUE,173
12063.0,2014-04-30,0.2,3.4,TRUE,173
12063.0,2014-05-31,0.21,3.5,TRUE,174
12063.0,2014-08-29,0.08,1.4,TRUE,174
12063.0,2014-09-30,0.09,1.5,TRUE,175
12063.0,2014-11-30,0.07,1.2,TRUE,175
12063.0,2015-04-30,0.09,1.5,TRUE,176
12063.0,2015-06-30,0.08,1.3,TRUE,176
12063.0,2015-10-31,0.08,1.3,TRUE,177
12063.0,2015-12-31,0.07,1.2,TRUE,177
12063.0,2016-09-05,0.11,1.8,TRUE,178
12063.0,2016-11-30,0.0,0.0,TRUE,178
12066.0,2013-03-12,25.7,30.3,TRUE,179
12066.0,2013-10-08,18.34,21.6,TRUE,179
12066.0,2014-02-18,17.76,21.0,TRUE,181
12066.0,2014-04-01,17.59,20.8,TRUE,181
12066.0,2014-10-21,13.28,15.7,TRUE,184
12066.0,2014-11-01,12.73,15.0,TRUE,184
12066.0,2014-12-02,13.36,15.8,TRUE,185
12066.0,2015-02-27,10.38,12.2,TRUE,185
12066.0,2015-04-29,11.5,13.6,TRUE,186
12066.0,2015-12-23,6.24,7.4,TRUE,186
12066.0,2016-02-22,6.45,7.6,TRUE,187
12066.0,2016-03-14,6.1,7.2,TRUE,187
12066.0,2017-01-31,10.49,12.4,TRUE,189
12066.0,2017-03-17,9.69,11.4,TRUE,189
12067.0,2013-07-16,1.79,14.5,TRUE,191
12067.0,2014-08-01,0.61,4.9,TRUE,191
12067.0,2014-12-15,0.23,1.9,TRUE,193
12067.0,2015-11-03,0.01,0.1,TRUE,193
12067.0,2016-10-14,0.27,2.2,TRUE,195
12067.0,2017-01-05,0.21,1.7,TRUE,195
12071.0,2012-01-31,0.78,72.9,FALSE,196
12071.0,2012-06-30,0.3,28.0,FALSE,196
12071.0,2012-08-31,0.52,48.6,FALSE,197
12071.0,2013-02-28,0.0,0.0,FALSE,197
12071.0,2013-09-29,0.44,41.1,FALSE,198
12071.0,2014-04-25,0.0,0.0,FALSE,198
12071.0,2014-11-27,0.71,66.7,FALSE,199
12071.0,2015-05-31,0.23,21.2,FALSE,199
12071.0,2015-09-30,0.69,64.8,FALSE,200
12071.0,2016-04-01,0.22,20.8,FALSE,200
12072.0,2012-09-30,0.36,100.0,FALSE,201
12072.0,2013-03-02,0.11,30.6,FALSE,201
12072.0,2013-09-30,0.16,44.4,FALSE,202
12072.0,2013-10-31,0.15,41.7,FALSE,202
12072.0,2013-11-30,0.17,47.2,FALSE,203
12072.0,2014-05-31,0.11,29.6,FALSE,203
12072.0,2014-12-30,0.36,98.6,FALSE,204
12072.0,2015-05-30,0.24,67.0,FALSE,204
12072.0,2016-03-04,0.39,108.4,FALSE,205
12072.0,2016-04-15,0.36,99.2,FALSE,205
12072.0,2016-10-31,0.17,45.9,FALSE,206
12072.0,2016-12-15,0.11,30.9,FALSE,206
12074.0,2012-02-29,12.98,66.1,TRUE,207
12074.0,2012-11-22,5.0,25.5,TRUE,207
12074.0,2013-01-31,4.21,21.4,TRUE,208
12074.0,2013-02-27,3.29,16.8,TRUE,208
12074.0,2013-03-27,3.43,17.5,TRUE,209
12074.0,2013-08-17,0.75,3.8,TRUE,209
12074.0,2014-07-07,7.74,39.4,TRUE,211
12074.0,2015-01-29,1.59,8.1,TRUE,211
12074.0,2015-02-10,3.34,17.0,TRUE,212
12074.0,2015-04-22,2.79,14.2,TRUE,212
12074.0,2015-07-15,2.34,11.9,TRUE,213
12074.0,2015-09-15,1.56,8.0,TRUE,213
12074.0,2016-01-21,0.81,4.1,TRUE,214
12074.0,2016-02-25,0.22,1.1,TRUE,214
12075.0,2013-04-30,18.19,47.6,TRUE,217
12075.0,2013-05-01,18.17,47.6,TRUE,217
12075.0,2013-06-05,18.78,49.2,TRUE,218
12075.0,2013-10-01,16.48,43.1,TRUE,218
12075.0,2013-12-11,14.43,37.8,TRUE,219
12075.0,2014-02-01,13.66,35.8,TRUE,219
12075.0,2014-05-27,15.97,41.8,TRUE,220
12075.0,2014-09-30,13.17,34.5,TRUE,220
12075.0,2014-11-01,13.8,36.1,TRUE,221
12075.0,2015-03-24,9.33,24.4,TRUE,221
12075.0,2015-05-11,11.01,28.8,TRUE,222
12075.0,2015-12-28,8.77,23.0,TRUE,222
12075.0,2016-05-04,9.22,24.1,TRUE,223
12075.0,2017-02-12,6.82,17.8,TRUE,223
12078.0,2013-05-14,0.29,85.3,FALSE,224
12078.0,2013-10-01,0.17,50.0,FALSE,224
12078.0,2013-12-01,0.11,32.4,FALSE,225
12078.0,2014-02-01,0.08,23.5,FALSE,225
12078.0,2014-05-26,0.34,100.0,FALSE,226
12078.0,2014-06-25,0.23,67.6,FALSE,226
12078.0,2014-07-27,0.26,76.5,FALSE,227
12078.0,2015-01-05,0.01,2.9,FALSE,227
12078.0,2015-04-16,0.12,35.3,FALSE,228
12078.0,2015-10-29,0.01,2.9,FALSE,228
12078.0,2016-04-07,0.34,100.0,FALSE,229
12078.0,2017-01-31,0.02,4.5,FALSE,229
12079.0,2013-05-08,4.27,40.2,TRUE,230
12079.0,2013-11-01,2.5,23.6,TRUE,230
12079.0,2013-12-23,3.71,35.0,TRUE,231
12079.0,2014-03-10,3.19,30.1,TRUE,231
12079.0,2014-04-24,4.11,38.7,TRUE,232
12079.0,2014-05-29,3.85,36.3,TRUE,232
12079.0,2014-06-01,3.87,36.5,TRUE,233
12079.0,2014-11-01,2.27,21.4,TRUE,233
12079.0,2015-01-25,1.41,13.3,TRUE,234
12079.0,2015-02-05,1.29,12.2,TRUE,234
12079.0,2015-03-30,2.22,20.9,TRUE,235
12079.0,2015-10-15,0.9,8.5,TRUE,235
12079.0,2016-01-07,0.18,1.7,TRUE,236
12079.0,2016-05-01,0.03,0.3,TRUE,236
12079.0,2016-07-27,0.02,0.2,TRUE,237
12079.0,2016-08-08,0.01,0.1,TRUE,237
12080.0,2013-05-17,15.21,21.2,TRUE,239
12080.0,2013-06-21,14.83,20.6,TRUE,239
12080.0,2013-07-29,15.97,22.2,TRUE,240
12080.0,2013-08-01,15.94,22.2,TRUE,240
12080.0,2013-10-21,13.49,18.8,TRUE,241
12080.0,2014-02-24,11.19,15.6,TRUE,241
12080.0,2014-06-16,29.38,40.9,TRUE,242
12080.0,2015-03-23,19.98,27.8,TRUE,242
12080.0,2015-04-07,20.1,28.0,TRUE,243
12080.0,2016-02-19,11.97,16.6,TRUE,243
12080.0,2016-03-13,13.28,18.5,TRUE,244
12080.0,2016-09-15,8.34,11.6,TRUE,244
12083.0,2012-02-29,12.46,59.3,TRUE,246
12083.0,2013-01-31,4.02,19.1,TRUE,246
12083.0,2013-02-28,4.11,19.6,TRUE,247
12083.0,2013-04-24,2.92,13.9,TRUE,247
12083.0,2013-05-28,3.08,14.6,TRUE,248
12083.0,2014-01-31,1.03,4.9,TRUE,248
12083.0,2014-04-30,11.67,55.5,TRUE,249
12083.0,2014-09-11,7.5,35.7,TRUE,249
12083.0,2014-11-24,9.12,43.4,TRUE,250
12083.0,2015-12-30,2.74,13.0,TRUE,250
12083.0,2016-01-30,4.39,20.9,TRUE,251
12083.0,2016-03-30,4.14,19.7,TRUE,251
12083.0,2016-04-30,6.57,31.2,TRUE,252
12083.0,2017-02-03,1.22,5.8,TRUE,252
12086.0,2013-05-03,0.31,100.0,FALSE,255
12086.0,2013-11-01,0.2,64.5,FALSE,255
12086.0,2014-01-06,0.17,54.8,FALSE,256
12086.0,2014-02-19,0.16,51.6,FALSE,256
12086.0,2014-05-01,0.31,100.0,FALSE,257
12086.0,2015-01-21,0.16,51.6,FALSE,257
12086.0,2015-03-25,0.31,100.0,FALSE,258
12086.0,2015-06-05,0.22,71.0,FALSE,258
12086.0,2015-07-06,0.27,87.1,FALSE,259
12086.0,2016-03-16,0.12,38.7,FALSE,259
12086.0,2016-05-09,0.16,51.6,FALSE,260
12086.0,2016-10-08,0.09,29.0,FALSE,260
12086.0,2016-12-15,0.05,16.1,FALSE,261
12086.0,2017-01-30,0.05,16.4,FALSE,261
12087.0,2015-07-08,1.08,79.4,FALSE,266
12087.0,2015-08-26,1.05,77.3,FALSE,266
12088.0,2012-01-20,15.85,64.2,TRUE,267
12088.0,2013-04-30,12.3,49.8,TRUE,267
12088.0,2013-05-10,12.61,51.0,TRUE,268
12088.0,2015-01-28,0.07,0.3,TRUE,268
12088.0,2015-08-27,0.2,0.8,TRUE,270
12088.0,2016-01-11,0.09,0.4,TRUE,270
12088.0,2016-04-12,0.16,0.6,TRUE,272
12088.0,2016-06-28,0.13,0.5,TRUE,272
12090.0,2012-01-31,3.88,41.7,TRUE,275
12090.0,2013-05-15,0.91,9.8,TRUE,275
12090.0,2013-06-21,0.96,10.3,TRUE,276
12090.0,2014-02-21,0.32,3.5,TRUE,276
12090.0,2014-05-30,0.78,8.4,TRUE,277
12090.0,2015-02-27,0.17,1.8,TRUE,277
12090.0,2015-03-25,0.2,2.1,TRUE,278
12090.0,2015-04-24,0.19,2.0,TRUE,278
12090.0,2015-06-24,0.14,1.5,TRUE,279
12090.0,2016-01-25,0.01,0.1,TRUE,279
12090.0,2016-04-07,2.64,28.4,TRUE,280
12090.0,2017-03-03,0.99,10.6,TRUE,280
12091.0,2013-04-30,17.37,36.1,TRUE,281
12091.0,2013-08-01,15.95,33.2,TRUE,281
12091.0,2013-10-04,14.25,29.6,TRUE,282
12091.0,2013-12-04,12.62,26.2,TRUE,282
12091.0,2014-01-01,16.51,34.3,TRUE,283
12091.0,2014-03-01,14.92,31.0,TRUE,283
12091.0,2014-05-01,16.92,35.2,TRUE,284
12091.0,2015-02-19,10.59,22.0,TRUE,284
12091.0,2015-04-08,11.98,24.9,TRUE,285
12091.0,2015-12-30,6.4,13.3,TRUE,285
12091.0,2016-01-20,8.93,18.6,TRUE,286
12091.0,2016-12-15,3.59,7.5,TRUE,286
12091.0,2017-02-24,3.14,6.5,TRUE,287
12091.0,2017-03-17,2.81,5.8,TRUE,287
12095.0,2013-04-30,0.53,8.0,TRUE,288
12095.0,2013-10-04,0.15,2.3,TRUE,288
12095.0,2013-12-17,0.06,0.9,TRUE,289
12095.0,2014-03-01,0.0,0.0,TRUE,289
12095.0,2015-05-26,0.43,6.5,TRUE,293
12095.0,2016-04-04,0.0,0.0,TRUE,293
12096.0,2012-03-28,9.48,72.3,TRUE,294
12096.0,2013-03-31,3.73,28.4,TRUE,294
12096.0,2013-06-30,4.37,33.3,TRUE,295
12096.0,2013-10-31,3.03,23.1,TRUE,295
12096.0,2013-11-30,3.35,25.6,TRUE,296
12096.0,2014-02-28,2.59,19.8,TRUE,296
12096.0,2014-05-31,4.13,31.5,TRUE,297
12096.0,2015-02-28,1.48,11.3,TRUE,297
12096.0,2015-03-31,1.54,11.8,TRUE,298
12096.0,2016-06-30,0.0,0.0,TRUE,298
12098.0,2012-03-28,52.25,75.4,TRUE,299
12098.0,2014-01-31,22.34,32.3,TRUE,299
12098.0,2014-03-31,24.61,35.5,TRUE,300
12098.0,2015-02-28,12.48,18.0,TRUE,300
12098.0,2015-03-31,12.63,18.2,TRUE,301
12098.0,2015-04-30,12.58,18.2,TRUE,301
12098.0,2015-05-31,13.35,19.3,TRUE,302
12098.0,2017-01-31,5.39,7.8,TRUE,302
12101.0,2013-05-31,10.09,18.9,TRUE,303
12101.0,2013-06-03,10.06,18.8,TRUE,303
12101.0,2013-08-29,9.09,17.0,TRUE,304
12101.0,2014-02-03,6.56,12.3,TRUE,304
12101.0,2014-04-29,18.49,34.6,TRUE,305
12101.0,2014-05-20,18.48,34.6,TRUE,305
12101.0,2014-12-18,15.11,28.3,TRUE,308
12101.0,2015-10-22,10.52,19.7,TRUE,308
12101.0,2016-02-15,9.79,18.3,TRUE,310
12101.0,2016-03-21,9.3,17.4,TRUE,310
12101.0,2016-04-15,11.51,21.5,TRUE,311
12101.0,2016-05-15,11.05,20.7,TRUE,311
12101.0,2016-11-23,7.77,14.5,TRUE,313
12101.0,2016-12-15,7.48,14.0,TRUE,313
12103.0,2013-07-01,0.01,0.4,TRUE,314
12103.0,2013-10-01,0.0,0.0,TRUE,314
12103.0,2014-08-01,0.01,0.4,TRUE,316
12103.0,2014-10-01,0.0,0.0,TRUE,316
12105.0,2012-01-31,11.08,42.2,TRUE,317
12105.0,2012-03-28,10.11,38.5,TRUE,317
12105.0,2012-04-30,11.54,44.0,TRUE,318
12105.0,2013-04-30,5.39,20.6,TRUE,318
12105.0,2013-05-31,6.02,23.0,TRUE,319
12105.0,2013-11-30,2.96,11.3,TRUE,319
12105.0,2013-12-31,3.17,12.1,TRUE,320
12105.0,2014-02-28,2.69,10.2,TRUE,320
12105.0,2014-04-30,2.73,10.4,TRUE,321
12105.0,2015-02-28,0.69,2.6,TRUE,321
12105.0,2015-04-30,2.23,8.5,TRUE,322
12105.0,2016-03-31,0.23,0.9,TRUE,322
12105.0,2016-06-30,0.23,0.9,TRUE,323
12105.0,2016-08-31,0.0,0.0,TRUE,323
12107.0,2012-01-31,3.47,25.5,TRUE,324
12107.0,2014-07-31,0.0,0.0,TRUE,324
12107.0,2014-08-31,0.23,1.7,TRUE,325
12107.0,2015-02-28,0.06,0.4,TRUE,325
12107.0,2015-04-30,0.44,3.2,TRUE,326
12107.0,2015-12-31,0.03,0.2,TRUE,326
12107.0,2016-01-31,0.15,1.1,TRUE,327
12107.0,2016-11-30,0.0,0.0,TRUE,327
12109.0,2012-01-31,34.06,38.8,TRUE,328
12109.0,2013-07-31,0.15,0.2,TRUE,328
12109.0,2013-09-30,2.8,3.2,TRUE,329
12109.0,2013-12-16,1.24,1.4,TRUE,329
12109.0,2014-01-31,1.26,1.4,TRUE,330
12109.0,2014-02-28,1.07,1.2,TRUE,330
12109.0,2014-04-30,1.62,1.8,TRUE,331
12109.0,2014-07-31,0.0,0.0,TRUE,331
12109.0,2014-08-31,0.53,0.6,TRUE,332
12109.0,2015-02-28,0.0,0.0,TRUE,332
12109.0,2015-04-30,0.38,0.4,TRUE,333
12109.0,2015-10-31,0.01,0.0,TRUE,333
12109.0,2016-01-31,0.11,0.1,TRUE,334
12109.0,2016-11-30,0.0,0.0,TRUE,334
12110.0,2013-04-29,1.53,4.9,TRUE,335
12110.0,2013-09-01,0.73,2.3,TRUE,335
12110.0,2013-11-06,1.12,3.6,TRUE,336
12110.0,2014-03-01,0.37,1.2,TRUE,336
12110.0,2014-05-30,3.8,12.1,TRUE,337
12110.0,2014-06-02,2.23,7.1,TRUE,337
12110.0,2014-08-25,0.8,2.6,TRUE,338
12110.0,2014-10-01,0.55,1.8,TRUE,338
12110.0,2015-03-30,0.83,2.6,TRUE,340
12110.0,2015-11-03,0.02,0.1,TRUE,340
12110.0,2016-06-03,0.02,0.1,TRUE,341
12110.0,2016-08-08,0.01,0.0,TRUE,341
12110.0,2017-02-25,5.34,17.1,TRUE,342
12110.0,2017-03-15,5.19,16.6,TRUE,342
12113.0,2012-02-29,29.27,45.8,TRUE,343
12113.0,2013-04-30,15.67,24.5,TRUE,343
12113.0,2013-05-31,15.73,24.6,TRUE,344
12113.0,2014-07-31,0.0,0.0,TRUE,344
12113.0,2014-08-19,7.21,11.3,TRUE,345
12113.0,2015-01-31,5.33,8.3,TRUE,345
12113.0,2015-03-31,5.67,8.9,TRUE,346
12113.0,2017-02-28,0.03,0.0,TRUE,346
12117.0,2012-01-31,113.55,56.2,TRUE,347
12117.0,2013-03-27,43.88,21.7,TRUE,347
12117.0,2013-05-31,50.1,24.8,TRUE,348
12117.0,2014-03-31,19.52,9.7,TRUE,348
12117.0,2014-05-31,19.92,9.9,TRUE,349
12117.0,2015-02-28,12.01,6.0,TRUE,349
12117.0,2015-05-31,17.28,8.6,TRUE,350
12117.0,2015-12-31,12.61,6.2,TRUE,350
12117.0,2016-01-31,12.85,6.4,TRUE,351
12117.0,2016-03-31,11.11,5.5,TRUE,351
12117.0,2016-04-30,11.35,5.6,TRUE,352
12117.0,2017-01-31,7.03,3.5,TRUE,352
12118.0,2012-03-28,27.21,21.6,TRUE,353
12118.0,2013-03-31,14.17,11.2,TRUE,353
12118.0,2013-04-30,15.13,12.0,TRUE,354
12118.0,2013-05-31,14.89,11.8,TRUE,354
12118.0,2013-06-30,15.01,11.9,TRUE,355
12118.0,2014-02-28,6.55,5.2,TRUE,355
12118.0,2014-03-31,7.07,5.6,TRUE,356
12118.0,2014-04-30,7.04,5.6,TRUE,356
12118.0,2014-05-31,7.07,5.6,TRUE,357
12118.0,2014-07-31,0.0,0.0,TRUE,357
12118.0,2014-08-31,5.48,4.4,TRUE,358
12118.0,2015-12-31,0.7,0.6,TRUE,358
12118.0,2016-01-31,0.79,0.6,TRUE,359
12118.0,2016-09-05,0.25,0.2,TRUE,359
12118.0,2017-01-31,0.25,0.2,TRUE,360
12118.0,2017-02-28,0.0,0.0,TRUE,360
12119.0,2012-01-31,4.06,7.0,FALSE,361
12119.0,2012-10-31,0.27,0.5,FALSE,361
12119.0,2012-11-30,2.38,4.1,FALSE,362
12119.0,2012-12-31,2.1,3.6,FALSE,362
12119.0,2013-01-31,2.87,5.0,FALSE,363
12119.0,2013-11-30,0.6,1.0,FALSE,363
12119.0,2013-12-31,24.45,42.2,FALSE,364
12119.0,2014-10-31,16.04,27.7,FALSE,364
12119.0,2014-12-26,34.4,59.3,FALSE,365
12119.0,2015-01-30,33.0,56.9,FALSE,365
12119.0,2015-04-24,35.0,60.3,FALSE,366
12119.0,2015-12-25,29.3,50.5,FALSE,366
12119.0,2016-01-29,55.24,95.2,FALSE,367
12119.0,2016-10-28,49.21,84.8,FALSE,367
12119.0,2016-12-30,53.85,92.8,FALSE,368
12119.0,2017-01-27,52.6,90.7,FALSE,368
12119.0,2017-02-24,53.0,91.4,FALSE,369
12119.0,2017-03-03,52.6,90.7,FALSE,369
12120.0,2013-04-17,1.18,59.9,TRUE,370
12120.0,2013-06-01,1.06,53.8,TRUE,370
12120.0,2013-09-04,1.96,99.5,TRUE,371
12120.0,2013-10-01,1.09,55.3,TRUE,371
12120.0,2013-12-01,1.13,57.4,TRUE,372
12120.0,2014-01-01,1.08,54.8,TRUE,372
12120.0,2014-04-30,0.84,42.6,TRUE,374
12120.0,2014-06-01,0.82,41.6,TRUE,374
12120.0,2014-08-01,0.92,46.7,TRUE,375
12120.0,2015-01-02,0.61,31.0,TRUE,375
12120.0,2015-04-06,0.47,23.9,TRUE,376
12120.0,2016-02-19,0.16,8.1,TRUE,376
12120.0,2016-06-17,0.12,6.1,TRUE,378
12120.0,2016-08-04,0.05,2.5,TRUE,378
12120.0,2016-10-25,0.04,2.0,TRUE,379
12120.0,2017-03-03,0.01,0.3,TRUE,379
12121.0,2012-03-19,4.56,76.2,FALSE,380
12121.0,2012-04-10,4.34,72.5,FALSE,380
12121.0,2012-07-28,3.43,57.3,FALSE,381
12121.0,2012-10-31,2.58,43.2,FALSE,381
12121.0,2012-12-27,2.92,48.8,FALSE,382
12121.0,2013-11-20,0.98,16.4,FALSE,382
12121.0,2014-01-31,5.98,100.0,FALSE,383
12121.0,2014-02-28,5.87,98.1,FALSE,383
12121.0,2014-03-31,5.93,99.1,FALSE,384
12121.0,2014-10-24,4.08,68.2,FALSE,384
12121.0,2014-12-26,4.36,72.9,FALSE,385
12121.0,2015-12-28,1.73,28.9,FALSE,385
12121.0,2016-02-29,5.88,98.4,FALSE,386
12121.0,2016-10-31,3.43,57.4,FALSE,386
12121.0,2016-12-26,3.88,64.9,FALSE,387
12121.0,2017-03-06,3.28,54.8,FALSE,387
12123.0,2012-05-12,1.5,43.6,TRUE,389
12123.0,2012-06-04,1.42,41.0,TRUE,389
12123.0,2013-12-19,0.36,10.6,TRUE,394
12123.0,2014-03-10,0.2,5.8,TRUE,394
12123.0,2014-04-14,0.7,20.2,TRUE,395
12123.0,2014-05-06,0.69,20.0,TRUE,395
12123.0,2014-08-27,0.48,13.8,TRUE,396
12123.0,2015-01-13,0.15,4.2,TRUE,396
12123.0,2015-03-23,0.12,3.5,TRUE,397
12123.0,2015-04-24,0.1,3.0,TRUE,397
12123.0,2015-07-01,0.0,0.0,TRUE,398
12123.0,2015-08-03,0.0,0.0,TRUE,398
12129.0,2012-01-23,126.95,51.7,FALSE,399
12129.0,2012-03-29,113.87,46.4,FALSE,399
12129.0,2012-07-19,91.91,37.5,FALSE,400
12129.0,2012-12-31,64.05,26.1,FALSE,400
12129.0,2013-01-31,78.98,32.2,FALSE,401
12129.0,2013-04-29,60.84,24.8,FALSE,401
12129.0,2013-05-31,61.24,25.0,FALSE,402
12129.0,2013-11-29,35.37,14.4,FALSE,402
12129.0,2013-12-31,82.28,33.5,FALSE,403
12129.0,2014-03-31,68.05,27.7,FALSE,403
12129.0,2014-04-30,131.06,53.4,FALSE,404
12129.0,2014-11-28,97.77,39.8,FALSE,404
12129.0,2014-12-31,108.6,44.3,FALSE,405
12129.0,2015-01-31,101.14,41.2,FALSE,405
12129.0,2015-02-27,102.6,41.8,FALSE,406
12129.0,2015-04-27,99.38,40.5,FALSE,406
12129.0,2015-05-31,99.82,40.7,FALSE,407
12129.0,2015-12-28,61.44,25.0,FALSE,407
12129.0,2016-02-29,221.72,90.4,FALSE,408
12129.0,2017-03-06,136.71,55.7,FALSE,408
12132.0,2012-02-29,0.86,26.5,FALSE,409
12132.0,2013-07-10,0.09,2.7,FALSE,409
12132.0,2014-06-30,0.09,2.8,FALSE,410
12132.0,2014-07-31,0.0,0.0,FALSE,410
12132.0,2015-02-28,0.23,7.1,FALSE,411
12132.0,2015-11-30,0.01,0.3,FALSE,411
12132.0,2016-04-30,4.0,123.1,FALSE,412
12132.0,2017-01-31,1.91,58.8,FALSE,412
12134.0,2013-04-30,19.45,27.8,TRUE,413
12134.0,2014-03-12,9.83,14.0,TRUE,413
12134.0,2014-05-07,10.27,14.7,TRUE,414
12134.0,2016-05-01,0.09,0.1,TRUE,414
12134.0,2016-07-27,0.07,0.1,TRUE,415
12134.0,2016-08-08,0.03,0.0,TRUE,415
12137.0,2013-04-24,0.06,9.0,TRUE,417
12137.0,2013-05-27,0.04,6.0,TRUE,417
12137.0,2013-07-31,0.06,9.0,TRUE,418
12137.0,2013-11-01,0.01,1.5,TRUE,418
12137.0,2014-01-14,0.0,0.0,TRUE,419
12137.0,2014-02-03,0.0,0.0,TRUE,419
12139.0,2013-02-28,0.68,17.4,TRUE,420
12139.0,2013-03-31,0.59,15.2,TRUE,420
12139.0,2013-04-29,0.6,15.4,TRUE,421
12139.0,2013-07-26,0.55,14.0,TRUE,421
12139.0,2013-09-28,0.49,12.5,TRUE,422
12139.0,2013-11-01,0.45,11.5,TRUE,422
12140.0,2012-01-31,15.37,65.3,TRUE,424
12140.0,2013-06-21,2.14,9.1,TRUE,424
12140.0,2013-08-29,1.48,6.3,TRUE,425
12140.0,2014-03-20,0.12,0.5,TRUE,425
12140.0,2014-05-30,5.48,23.3,TRUE,426
12140.0,2015-03-25,1.36,5.8,TRUE,426
12140.0,2015-08-20,0.61,2.6,TRUE,428
12140.0,2015-12-15,0.06,0.2,TRUE,428
12140.0,2016-03-31,1.29,5.5,TRUE,429
12140.0,2016-12-01,0.0,0.0,TRUE,429
12143.0,2012-11-30,347.16,48.2,TRUE,430
12143.0,2013-02-28,286.09,39.7,TRUE,430
12143.0,2013-04-30,332.32,46.2,TRUE,431
12143.0,2014-02-27,195.06,33.0,TRUE,431
12143.0,2014-05-30,310.55,52.5,TRUE,432
12143.0,2015-02-10,113.61,19.2,TRUE,432
12143.0,2015-03-31,186.55,31.5,TRUE,433
12143.0,2016-10-26,13.15,2.2,TRUE,433
12143.0,2016-11-30,15.7,2.6,TRUE,434
12143.0,2017-01-31,14.36,2.4,TRUE,434
12153.0,2012-03-28,0.78,43.9,TRUE,435
12153.0,2013-11-30,0.02,1.1,TRUE,435
12153.0,2014-04-30,0.88,49.7,TRUE,436
12153.0,2015-02-28,0.46,26.0,TRUE,436
12153.0,2015-03-31,0.51,28.8,TRUE,437
12153.0,2015-12-31,0.27,15.2,TRUE,437
12153.0,2016-01-31,0.36,20.3,TRUE,438
12153.0,2016-08-09,0.24,13.6,TRUE,438
12153.0,2016-10-31,0.17,9.6,TRUE,439
12153.0,2017-01-31,0.12,6.8,TRUE,439
12159.0,2012-01-31,205.62,81.0,TRUE,440
12159.0,2013-11-30,97.49,38.4,TRUE,440
12159.0,2013-12-16,105.84,41.7,TRUE,441
12159.0,2015-12-31,33.95,13.4,TRUE,441
12159.0,2016-01-31,38.97,15.3,TRUE,442
12159.0,2016-03-31,36.82,14.5,TRUE,442
12159.0,2016-04-30,39.62,15.6,TRUE,443
12159.0,2017-01-31,25.26,9.9,TRUE,443
12164.0,2012-01-31,1926.96,80.3,TRUE,444
12164.0,2013-03-31,1123.23,46.8,TRUE,444
12164.0,2013-05-31,1129.75,47.1,TRUE,445
12164.0,2014-02-28,781.59,32.6,TRUE,445
12164.0,2014-05-31,1063.46,44.3,TRUE,446
12164.0,2015-02-28,707.25,29.5,TRUE,446
12164.0,2015-04-30,725.12,30.2,TRUE,447
12164.0,2016-01-04,488.98,20.4,TRUE,447
12164.0,2016-02-22,491.8,20.5,TRUE,448
12164.0,2016-03-14,479.97,20.0,TRUE,448
12164.0,2016-08-31,464.75,19.4,TRUE,450
12164.0,2016-09-30,441.08,18.4,TRUE,450
12165.0,2013-01-31,8.5,23.1,TRUE,452
12165.0,2013-03-31,7.44,20.2,TRUE,452
12165.0,2013-04-30,7.69,20.9,TRUE,453
12165.0,2014-02-27,3.71,10.1,TRUE,453
12165.0,2014-04-30,6.83,18.5,TRUE,454
12165.0,2015-12-31,0.88,2.4,TRUE,454
12165.0,2016-03-31,1.07,2.9,TRUE,455
12165.0,2016-08-31,0.45,1.2,TRUE,455
12165.0,2016-09-25,0.46,1.2,TRUE,456
12165.0,2017-01-31,0.1,0.3,TRUE,456
12165.0,2017-02-24,6.54,17.8,TRUE,457
12165.0,2017-03-17,6.5,17.6,TRUE,457
12166.0,2012-01-31,86.75,34.0,TRUE,458
12166.0,2013-02-28,39.55,15.5,TRUE,458
12166.0,2013-03-31,45.79,18.0,TRUE,459
12166.0,2014-02-27,29.29,11.5,TRUE,459
12166.0,2014-04-30,35.51,13.9,TRUE,460
12166.0,2014-09-30,2.9,1.1,TRUE,460
12166.0,2014-10-31,27.55,10.8,TRUE,461
12166.0,2015-02-28,23.61,9.3,TRUE,461
12166.0,2015-03-31,26.63,10.4,TRUE,462
12166.0,2016-03-17,15.43,6.0,TRUE,462
12166.0,2016-04-15,20.89,8.2,TRUE,463
12166.0,2016-12-29,12.89,5.0,TRUE,463
12166.0,2017-01-31,12.94,5.1,TRUE,464
12166.0,2017-03-17,12.78,5.0,TRUE,464
12169.0,2012-03-31,9.95,73.1,TRUE,465
12169.0,2012-05-01,9.6,70.6,TRUE,465
12169.0,2013-01-31,4.3,31.6,TRUE,467
12169.0,2013-02-19,4.3,31.6,TRUE,467
12169.0,2014-08-06,0.22,1.6,TRUE,471
12169.0,2014-10-22,0.12,0.8,TRUE,471
12169.0,2015-06-04,0.21,1.6,TRUE,473
12169.0,2015-07-23,0.19,1.4,TRUE,473
12169.0,2015-11-09,0.02,0.1,TRUE,475
12169.0,2015-12-16,0.0,0.0,TRUE,475
12170.0,2012-01-31,14.48,81.4,TRUE,477
12170.0,2013-06-19,2.1,11.8,TRUE,477
12170.0,2013-08-27,5.38,30.2,TRUE,478
12170.0,2014-02-26,1.31,7.4,TRUE,478
12170.0,2014-03-27,1.49,8.4,TRUE,479
12170.0,2014-04-30,1.26,7.1,TRUE,479
12170.0,2014-11-27,4.5,25.3,TRUE,480
12170.0,2015-05-29,1.27,7.1,TRUE,480
12170.0,2015-08-25,3.26,18.3,TRUE,481
12170.0,2015-11-17,1.84,10.4,TRUE,481
12170.0,2016-02-26,0.55,3.1,TRUE,482
12170.0,2016-04-15,0.0,0.0,TRUE,482
12172.0,2012-01-31,365.47,88.8,TRUE,484
12172.0,2014-04-29,131.2,31.9,TRUE,484
12172.0,2014-05-30,131.39,31.9,TRUE,485
12172.0,2017-03-17,14.15,3.4,TRUE,485
12176.0,2012-01-31,15.44,20.3,TRUE,486
12176.0,2012-10-31,4.06,5.3,TRUE,486
12176.0,2012-12-31,20.76,27.3,TRUE,487
12176.0,2013-02-28,16.5,21.7,TRUE,487
12176.0,2013-03-31,17.03,22.4,TRUE,488
12176.0,2013-11-30,4.57,6.0,TRUE,488
12176.0,2013-12-21,33.0,43.4,TRUE,489
12176.0,2014-10-31,12.32,16.2,TRUE,489
12176.0,2014-12-26,17.27,22.7,TRUE,490
12176.0,2015-01-30,13.86,18.2,TRUE,490
12176.0,2015-02-27,14.77,19.4,TRUE,491
12176.0,2015-12-25,3.69,4.9,TRUE,491
12176.0,2016-02-26,45.21,59.5,TRUE,492
12176.0,2016-10-28,20.9,27.5,TRUE,492
12176.0,2016-11-25,30.91,40.7,TRUE,493
12176.0,2017-01-27,25.31,33.3,TRUE,493
12178.0,2016-09-05,0.16,1.3,TRUE,498
12178.0,2016-11-30,0.0,0.0,TRUE,498
12179.0,2013-04-05,2.34,9.1,TRUE,499
12179.0,2013-06-01,1.71,6.6,TRUE,499
12179.0,2013-11-07,0.03,0.1,TRUE,501
12179.0,2014-02-03,0.01,0.0,TRUE,501
12179.0,2014-04-29,5.95,23.1,TRUE,502
12179.0,2014-06-01,5.78,22.5,TRUE,502
12179.0,2014-11-14,2.09,8.1,TRUE,504
12179.0,2015-01-01,1.12,4.4,TRUE,504
12179.0,2015-04-11,1.23,4.8,TRUE,506
12179.0,2015-11-20,0.18,0.7,TRUE,506
12179.0,2016-01-24,1.15,4.5,TRUE,507
12179.0,2016-02-12,1.06,4.1,TRUE,507
12179.0,2016-04-26,10.22,39.7,TRUE,508
12179.0,2016-06-29,8.13,31.6,TRUE,508
12179.0,2016-08-29,7.11,27.6,TRUE,509
12179.0,2017-02-20,1.71,6.6,TRUE,509
12183.0,2012-03-29,3.8,42.5,TRUE,510
12183.0,2013-03-27,0.98,10.9,TRUE,510
12183.0,2013-07-29,4.29,47.9,TRUE,511
12183.0,2013-11-28,2.79,31.2,TRUE,511
12183.0,2014-05-20,3.37,37.6,TRUE,513
12183.0,2015-01-28,1.22,13.6,TRUE,513
12183.0,2015-03-26,1.71,19.1,TRUE,514
12183.0,2015-09-23,0.64,7.2,TRUE,514
12183.0,2015-11-27,0.36,4.0,TRUE,515
12183.0,2016-03-02,0.18,2.0,TRUE,515
12183.0,2016-04-28,0.19,2.1,TRUE,516
12183.0,2016-06-15,0.15,1.7,TRUE,516
12184.0,2012-01-31,48.52,46.2,TRUE,519
12184.0,2014-07-31,0.0,0.0,TRUE,519
12184.0,2014-08-31,1.88,1.8,TRUE,520
12184.0,2015-01-31,0.06,0.1,TRUE,520
12184.0,2015-03-31,0.42,0.4,TRUE,521
12184.0,2015-07-31,0.01,0.0,TRUE,521
12184.0,2016-01-31,8.26,7.9,TRUE,522
12184.0,2016-02-29,7.7,7.3,TRUE,522
12184.0,2016-03-31,8.12,7.7,TRUE,523
12184.0,2017-02-28,1.96,1.9,TRUE,523
12187.0,2012-01-31,35.91,71.6,TRUE,524
12187.0,2013-03-31,16.23,32.4,TRUE,524
12187.0,2013-04-30,16.64,33.2,TRUE,525
12187.0,2013-04-30,16.63,33.2,TRUE,525
12187.0,2013-05-31,17.15,34.2,TRUE,526
12187.0,2013-11-30,7.62,15.2,TRUE,526
12187.0,2013-12-31,8.93,17.8,TRUE,527
12187.0,2014-03-31,7.79,15.5,TRUE,527
12187.0,2014-06-30,11.61,23.2,TRUE,528
12187.0,2014-08-31,7.25,14.5,TRUE,528
12187.0,2014-09-30,8.46,16.9,TRUE,529
12187.0,2015-02-28,2.95,5.9,TRUE,529
12187.0,2015-04-30,5.72,11.4,TRUE,530
12187.0,2015-12-31,1.75,3.5,TRUE,530
12187.0,2016-01-31,2.16,4.3,TRUE,531
12187.0,2016-03-31,1.95,3.9,TRUE,531
12187.0,2016-04-30,3.02,6.0,TRUE,532
12187.0,2017-01-31,0.4,0.8,TRUE,532
12189.0,2012-11-26,2.56,10.6,FALSE,534
12189.0,2013-01-14,1.79,7.4,FALSE,534
12189.0,2013-02-25,11.78,48.7,FALSE,535
12189.0,2013-07-22,8.41,34.8,FALSE,535
12189.0,2013-09-30,7.22,29.8,FALSE,536
12189.0,2013-11-25,5.93,24.5,FALSE,536
12189.0,2014-01-27,13.67,56.5,FALSE,537
12189.0,2014-02-24,13.02,53.8,FALSE,537
12189.0,2014-04-28,15.45,63.9,FALSE,538
12189.0,2014-08-11,14.02,58.0,FALSE,538
12189.0,2015-06-29,26.16,108.1,FALSE,539
12189.0,2015-12-28,17.73,73.3,FALSE,539
12189.0,2016-02-29,32.57,134.6,FALSE,540
12189.0,2016-11-28,19.42,80.3,FALSE,540
12191.0,2013-06-18,1.23,34.9,TRUE,541
12191.0,2014-01-20,0.81,23.0,TRUE,541
12191.0,2014-04-30,0.94,26.7,TRUE,543
12191.0,2015-01-31,0.44,12.5,TRUE,543
12191.0,2015-04-27,0.72,20.4,TRUE,544
12191.0,2015-08-24,0.03,0.8,TRUE,544
12191.0,2015-09-07,0.51,14.5,TRUE,545
12191.0,2015-10-26,0.42,11.9,TRUE,545
12191.0,2016-01-31,0.44,12.5,TRUE,546
12191.0,2016-02-25,0.41,11.6,TRUE,546
12191.0,2016-06-03,0.59,16.8,TRUE,547
12191.0,2016-09-14,0.29,8.2,TRUE,547
12191.0,2016-11-30,0.18,5.1,TRUE,548
12191.0,2017-02-28,0.11,3.2,TRUE,548
12193.0,2013-06-01,0.09,19.2,TRUE,549
12193.0,2013-11-01,0.04,8.5,TRUE,549
12193.0,2014-05-01,0.3,63.8,TRUE,551
12193.0,2015-05-27,0.01,2.1,TRUE,551
12193.0,2015-06-08,0.02,4.3,TRUE,552
12193.0,2015-08-13,0.01,2.1,TRUE,552
12193.0,2016-01-04,0.0,0.0,TRUE,554
12193.0,2016-02-02,0.0,0.0,TRUE,554
12193.0,2016-04-18,0.27,57.4,TRUE,555
12193.0,2016-06-08,0.23,48.9,TRUE,555
12193.0,2016-08-09,0.18,38.3,TRUE,556
12193.0,2017-02-03,0.02,5.2,TRUE,556
12196.0,2013-09-05,1.09,75.2,TRUE,557
12196.0,2013-11-08,1.03,71.0,TRUE,557
12196.0,2014-01-30,0.9,62.1,TRUE,558
12196.0,2014-03-17,0.74,51.0,TRUE,558
12196.0,2014-09-17,0.93,64.1,TRUE,559
12196.0,2015-06-30,0.55,37.9,TRUE,559
12196.0,2015-08-17,0.69,47.6,TRUE,560
12196.0,2015-11-27,0.55,37.9,TRUE,560
12196.0,2016-01-27,0.53,36.6,TRUE,561
12196.0,2016-05-01,0.43,29.7,TRUE,561
12196.0,2016-07-26,0.46,31.7,TRUE,562
12196.0,2016-12-05,0.24,16.6,TRUE,562
12197.0,2012-01-31,149.32,46.4,TRUE,563
12197.0,2014-08-31,13.65,4.2,TRUE,563
12197.0,2014-09-30,20.76,6.4,TRUE,564
12197.0,2015-02-28,8.3,2.6,TRUE,564
12197.0,2015-04-30,22.62,7.0,TRUE,565
12197.0,2015-12-31,6.98,2.2,TRUE,565
12197.0,2016-01-31,8.28,2.6,TRUE,566
12197.0,2016-02-29,8.21,2.6,TRUE,566
12197.0,2016-04-30,10.73,3.3,TRUE,567
12197.0,2017-01-31,4.62,1.4,TRUE,567
12199.0,2013-05-02,0.2,14.8,TRUE,568
12199.0,2013-11-01,0.02,1.5,TRUE,568
12199.0,2014-01-01,0.02,1.5,TRUE,569
12199.0,2014-02-03,0.0,0.0,TRUE,569
12199.0,2014-04-23,0.74,54.8,TRUE,570
12199.0,2014-12-01,0.54,40.0,TRUE,570
12199.0,2015-01-01,0.68,50.4,TRUE,571
12199.0,2015-02-28,0.49,36.3,TRUE,571
12199.0,2015-04-07,0.77,57.0,TRUE,572
12199.0,2015-06-16,0.57,42.2,TRUE,572
12199.0,2015-07-01,0.71,52.6,TRUE,573
12199.0,2015-11-19,0.57,42.2,TRUE,573
12199.0,2016-03-30,0.6,44.4,TRUE,575
12199.0,2016-06-30,0.54,40.0,TRUE,575
12199.0,2016-08-31,0.48,35.6,TRUE,576
12199.0,2016-12-01,0.39,28.9,TRUE,576
12199.0,2017-02-21,0.43,31.7,TRUE,578
12199.0,2017-03-16,0.42,31.2,TRUE,578
12206.0,2013-04-03,0.55,15.0,TRUE,579
12206.0,2013-06-11,0.38,10.3,TRUE,579
12206.0,2014-01-17,0.09,2.4,TRUE,582
12206.0,2014-03-01,0.06,1.6,TRUE,582
12206.0,2014-04-11,0.23,6.2,TRUE,583
12206.0,2014-06-02,0.18,4.9,TRUE,583
12206.0,2014-11-01,0.02,0.5,TRUE,585
12206.0,2014-12-11,0.02,0.5,TRUE,585
12206.0,2015-04-09,0.16,4.4,TRUE,587
12206.0,2015-11-03,0.0,0.0,TRUE,587
12208.0,2012-01-31,3.24,67.4,TRUE,588
12208.0,2012-06-28,1.95,40.6,TRUE,588
12208.0,2012-12-21,0.83,17.3,TRUE,589
12208.0,2013-04-12,0.05,1.0,TRUE,589
12208.0,2013-05-31,0.44,9.2,TRUE,590
12208.0,2013-06-28,0.39,8.2,TRUE,590
12208.0,2013-09-30,0.67,14.0,TRUE,591
12208.0,2014-01-31,0.22,4.7,TRUE,591
12208.0,2014-02-28,0.25,5.2,TRUE,592
12208.0,2014-04-09,0.0,0.0,TRUE,592
12208.0,2016-07-06,0.39,8.1,TRUE,594
12208.0,2016-08-31,0.14,2.9,TRUE,594
12209.0,2012-01-20,17.5,68.0,FALSE,596
12209.0,2013-03-07,5.02,19.5,FALSE,596
12209.0,2013-04-30,8.19,31.8,FALSE,597
12209.0,2014-01-27,3.34,13.0,FALSE,597
12209.0,2014-04-25,25.72,100.0,FALSE,598
12209.0,2014-10-31,17.65,68.6,FALSE,598
12209.0,2014-11-24,18.88,73.4,FALSE,599
12209.0,2015-01-28,17.9,69.6,FALSE,599
12209.0,2015-04-22,22.7,88.2,FALSE,600
12209.0,2015-05-08,22.6,87.9,FALSE,600
12209.0,2015-08-27,17.92,69.7,FALSE,601
12209.0,2016-01-11,12.2,47.4,FALSE,601
12209.0,2016-04-12,25.67,99.8,FALSE,603
12209.0,2016-06-28,21.98,85.5,FALSE,603
12211.0,2012-02-29,7.97,101.2,FALSE,606
12211.0,2012-04-28,7.29,92.7,FALSE,606
12211.0,2012-07-31,9.24,117.4,FALSE,607
12211.0,2013-05-31,3.49,44.3,FALSE,607
12211.0,2013-07-31,8.9,113.0,FALSE,608
12211.0,2013-11-20,8.41,106.8,FALSE,608
12211.0,2014-01-31,5.54,70.4,FALSE,609
12211.0,2014-04-30,3.78,48.0,FALSE,609
12211.0,2014-08-30,7.79,99.0,FALSE,610
12211.0,2014-09-28,7.67,97.4,FALSE,610
12211.0,2014-12-16,7.9,100.3,FALSE,611
12211.0,2015-06-08,5.06,64.3,FALSE,611
12211.0,2015-08-03,7.73,98.2,FALSE,612
12211.0,2015-09-09,7.33,93.2,FALSE,612
12212.0,2012-02-29,1.8,46.1,TRUE,617
12212.0,2013-02-28,0.0,0.0,TRUE,617
12212.0,2015-04-28,0.01,0.2,TRUE,620
12212.0,2015-06-01,0.01,0.2,TRUE,620
12212.0,2015-08-12,0.25,6.5,TRUE,621
12212.0,2015-09-14,0.24,6.0,TRUE,621
12219.0,2012-01-31,116.31,85.0,TRUE,624
12219.0,2012-02-29,116.06,84.9,TRUE,624
12219.0,2012-04-30,116.54,85.2,TRUE,625
12219.0,2012-05-28,116.08,84.9,TRUE,625
12219.0,2012-06-20,116.71,85.3,TRUE,626
12219.0,2013-04-30,80.37,58.8,TRUE,626
12219.0,2013-05-31,82.28,60.2,TRUE,627
12219.0,2014-02-28,54.55,39.9,TRUE,627
12219.0,2014-05-31,59.26,43.3,TRUE,628
12219.0,2015-03-31,31.31,22.9,TRUE,628
12219.0,2015-05-31,34.48,25.2,TRUE,629
12219.0,2016-02-29,21.4,15.6,TRUE,629
12219.0,2016-05-31,29.91,21.9,TRUE,630
12219.0,2017-02-28,17.86,13.1,TRUE,630
12225.0,2012-01-31,0.8,75.1,TRUE,631
12225.0,2012-11-05,0.07,6.6,TRUE,631
12225.0,2013-06-30,0.35,32.9,TRUE,632
12225.0,2013-10-31,0.11,10.3,TRUE,632
12225.0,2013-11-30,0.14,13.1,TRUE,633
12225.0,2014-02-27,0.08,7.5,TRUE,633
12225.0,2014-05-31,0.35,32.7,TRUE,634
12225.0,2015-02-28,0.07,6.5,TRUE,634
12225.0,2015-04-30,0.08,7.5,TRUE,635
12225.0,2015-06-30,0.07,6.5,TRUE,635
12225.0,2016-05-31,0.39,36.4,TRUE,636
12225.0,2017-01-31,0.04,3.7,TRUE,636
12226.0,2013-01-29,3.74,21.4,TRUE,637
12226.0,2013-06-01,0.71,4.0,TRUE,637
12226.0,2013-09-20,0.0,0.0,TRUE,638
12226.0,2013-10-01,0.0,0.0,TRUE,638
12226.0,2013-12-22,0.67,3.8,TRUE,639
12226.0,2014-01-02,0.0,0.0,TRUE,639
12226.0,2014-04-30,7.53,43.0,TRUE,640
12226.0,2014-12-29,3.68,21.0,TRUE,640
12226.0,2015-02-10,3.78,21.6,TRUE,641
12226.0,2015-03-25,3.74,21.4,TRUE,641
12226.0,2015-04-27,4.4,25.1,TRUE,642
12226.0,2016-02-17,0.89,5.1,TRUE,642
12226.0,2016-04-11,3.02,17.2,TRUE,643
12226.0,2017-02-13,0.22,1.2,TRUE,643
12227.0,2013-04-30,1.54,23.8,TRUE,644
12227.0,2014-01-10,0.4,6.2,TRUE,644
12227.0,2014-05-30,1.62,24.9,TRUE,645
12227.0,2014-10-22,0.93,14.3,TRUE,645
12227.0,2014-11-30,1.03,15.9,TRUE,646
12227.0,2015-01-31,0.41,6.3,TRUE,646
12227.0,2015-03-20,0.58,8.9,TRUE,647
12227.0,2015-04-14,0.16,2.5,TRUE,647
12227.0,2015-05-30,0.22,3.4,TRUE,648
12227.0,2015-11-03,0.01,0.2,TRUE,648
12227.0,2016-04-11,0.1,1.5,TRUE,650
12227.0,2016-05-01,0.01,0.2,TRUE,650
12234.0,2013-04-05,0.85,18.2,FALSE,652
12234.0,2014-08-01,0.08,1.7,FALSE,652
12234.0,2014-10-01,0.03,0.6,FALSE,653
12234.0,2015-03-01,0.0,0.0,FALSE,653
12234.0,2015-07-21,0.01,0.2,FALSE,654
12234.0,2015-10-02,0.0,0.0,FALSE,654
12234.0,2016-04-15,3.96,85.0,FALSE,655
12234.0,2016-07-01,3.6,77.2,FALSE,655
12234.0,2016-08-31,3.14,67.4,FALSE,656
12234.0,2017-03-16,2.05,43.9,FALSE,656
12235.0,2012-01-31,4.1,20.0,TRUE,657
12235.0,2013-04-30,1.27,6.2,TRUE,657
12235.0,2013-05-31,1.36,6.6,TRUE,658
12235.0,2014-08-31,0.0,0.0,TRUE,658
12237.0,2012-04-12,8.8,82.5,TRUE,659
12237.0,2013-01-18,5.7,53.4,TRUE,659
12237.0,2013-04-30,7.8,73.1,TRUE,660
12237.0,2013-11-01,5.0,46.9,TRUE,660
12237.0,2014-07-24,7.3,68.4,TRUE,663
12237.0,2014-11-24,5.5,51.6,TRUE,663
12237.0,2015-03-26,6.2,58.1,TRUE,665
12237.0,2015-05-08,4.0,37.5,TRUE,665
12237.0,2015-08-27,3.2,30.0,TRUE,666
12237.0,2016-01-11,2.3,21.6,TRUE,666
12237.0,2016-05-17,3.0,28.1,TRUE,667
12237.0,2016-06-28,2.7,25.3,TRUE,667
12237.0,2017-01-09,0.8,7.5,TRUE,669
12237.0,2017-02-20,0.7,6.6,TRUE,669
12243.0,2012-01-31,293.37,89.7,TRUE,670
12243.0,2014-10-31,53.19,16.3,TRUE,670
12243.0,2014-11-30,57.38,17.6,TRUE,671
12243.0,2016-09-15,0.07,0.0,TRUE,671
12243.0,2017-01-26,0.0,0.0,TRUE,673
12243.0,2017-02-17,0.0,0.0,TRUE,673
12246.0,2013-01-31,17.58,21.9,TRUE,674
12246.0,2013-02-28,16.16,20.1,TRUE,674
12246.0,2013-03-31,16.35,20.4,TRUE,675
12246.0,2014-01-31,9.86,12.3,TRUE,675
12246.0,2014-04-30,13.32,16.6,TRUE,676
12246.0,2015-02-28,7.83,9.8,TRUE,676
12246.0,2015-03-31,8.2,10.2,TRUE,677
12246.0,2015-09-28,5.88,7.3,TRUE,677
12246.0,2016-04-15,17.23,21.5,TRUE,678
12246.0,2017-02-24,9.39,11.7,TRUE,678
12250.0,2013-04-30,0.37,29.8,FALSE,679
12250.0,2013-05-30,0.35,28.2,FALSE,679
12250.0,2013-07-30,0.88,71.0,FALSE,680
12250.0,2013-08-15,0.87,70.2,FALSE,680
12250.0,2013-09-30,0.98,79.0,FALSE,681
12250.0,2014-01-30,0.42,33.9,FALSE,681
12250.0,2014-02-28,0.56,45.2,FALSE,682
12250.0,2014-05-15,0.32,25.8,FALSE,682
12250.0,2014-09-29,0.76,61.3,FALSE,683
12250.0,2015-02-19,0.28,22.6,FALSE,683
12250.0,2015-03-30,0.3,24.2,FALSE,684
12250.0,2015-04-22,0.27,21.8,FALSE,684
12250.0,2015-08-31,1.17,94.4,FALSE,685
12250.0,2015-12-30,0.61,49.2,FALSE,685
12250.0,2016-01-29,0.66,53.2,FALSE,686
12250.0,2016-02-11,0.61,49.2,FALSE,686
12250.0,2016-07-25,1.11,89.5,FALSE,687
12250.0,2017-02-15,0.21,17.1,FALSE,687
12254.0,2012-04-30,54.63,82.3,TRUE,690
12254.0,2012-07-31,37.11,55.9,TRUE,690
12254.0,2012-08-31,37.67,56.8,TRUE,691
12254.0,2012-09-30,36.56,55.1,TRUE,691
12254.0,2012-10-31,39.98,60.2,TRUE,692
12254.0,2012-12-31,35.68,53.8,TRUE,692
12254.0,2013-01-31,38.77,58.4,TRUE,693
12254.0,2013-02-26,38.44,57.9,TRUE,693
12254.0,2013-05-31,44.71,67.4,TRUE,694
12254.0,2013-08-31,37.11,55.9,TRUE,694
12254.0,2013-10-31,38.0,57.2,TRUE,695
12254.0,2013-11-30,37.22,56.1,TRUE,695
12254.0,2013-12-30,37.45,56.4,TRUE,696
12254.0,2014-01-31,35.25,53.1,TRUE,696
12254.0,2014-05-31,48.05,72.4,TRUE,697
12254.0,2014-09-30,35.69,53.8,TRUE,697
12254.0,2014-10-31,37.22,56.1,TRUE,698
12254.0,2015-02-28,34.25,51.6,TRUE,698
12254.0,2015-06-30,39.76,59.9,TRUE,699
12254.0,2015-12-31,18.03,27.2,TRUE,699
12254.0,2016-01-31,20.19,30.4,TRUE,700
12254.0,2016-02-29,17.14,25.8,TRUE,700
12254.0,2016-03-31,20.81,31.4,TRUE,701
12254.0,2017-02-28,6.24,9.4,TRUE,701
12255.0,2013-04-09,0.86,35.4,TRUE,702
12255.0,2014-01-01,0.45,18.5,TRUE,702
12255.0,2014-03-20,0.71,29.2,TRUE,703
12255.0,2014-04-29,0.69,28.4,TRUE,703
12255.0,2014-07-06,0.62,25.5,TRUE,704
12255.0,2014-09-01,0.53,21.8,TRUE,704
12255.0,2014-11-01,0.44,18.1,TRUE,705
12255.0,2015-01-22,0.27,11.1,TRUE,705
12255.0,2015-04-19,0.44,18.1,TRUE,706
12255.0,2015-09-06,0.26,10.7,TRUE,706
12255.0,2016-01-23,0.11,4.5,TRUE,708
12255.0,2016-03-16,0.07,2.9,TRUE,708
12256.0,2012-01-30,6.6,27.6,TRUE,709
12256.0,2012-10-04,2.55,10.6,TRUE,709
12256.0,2013-01-31,2.56,10.7,TRUE,711
12256.0,2013-02-27,2.3,9.6,TRUE,711
12256.0,2013-03-27,2.86,11.9,TRUE,712
12256.0,2013-11-30,0.83,3.5,TRUE,712
12256.0,2013-12-31,1.44,6.0,TRUE,713
12256.0,2014-01-31,1.2,5.0,TRUE,713
12256.0,2014-03-27,5.32,22.2,TRUE,714
12256.0,2014-04-26,4.92,20.6,TRUE,714
12256.0,2014-08-30,6.39,26.7,TRUE,715
12256.0,2014-09-30,5.65,23.6,TRUE,715
12256.0,2015-08-05,5.03,21.0,TRUE,718
12256.0,2015-09-14,4.36,18.2,TRUE,718
12257.0,2012-02-06,10.95,44.2,TRUE,722
12257.0,2012-05-30,8.26,33.4,TRUE,722
12257.0,2012-06-28,8.57,34.6,TRUE,723
12257.0,2012-12-20,2.8,11.3,TRUE,723
12257.0,2013-01-16,3.75,15.1,TRUE,724
12257.0,2013-03-27,2.96,12.0,TRUE,724
12257.0,2013-05-15,3.65,14.8,TRUE,725
12257.0,2013-11-28,1.55,6.2,TRUE,725
12257.0,2014-05-20,3.08,12.4,TRUE,727
12257.0,2014-07-30,2.51,10.1,TRUE,727
12257.0,2014-08-01,2.7,10.9,TRUE,728
12257.0,2015-01-28,0.4,1.6,TRUE,728
12257.0,2015-03-26,1.56,6.3,TRUE,729
12257.0,2015-09-23,0.09,0.4,TRUE,729
12257.0,2015-11-27,0.0,0.0,TRUE,730
12257.0,2015-12-01,0.0,0.0,TRUE,730
12261.0,2012-11-30,270.39,42.3,TRUE,731
12261.0,2013-01-01,231.72,36.3,TRUE,731
12261.0,2013-05-31,244.95,38.4,TRUE,732
12261.0,2014-02-27,184.42,32.5,TRUE,732
12261.0,2014-04-30,223.08,39.3,TRUE,733
12261.0,2015-02-12,111.88,19.7,TRUE,733
12261.0,2015-03-31,172.0,30.3,TRUE,734
12261.0,2016-02-29,76.42,13.4,TRUE,734
12261.0,2016-04-30,79.98,14.1,TRUE,735
12261.0,2017-02-22,24.55,4.3,TRUE,735
12270.0,2012-04-26,9.4,83.9,TRUE,736
12270.0,2013-03-27,3.96,35.3,TRUE,736
12270.0,2013-07-29,5.74,51.2,TRUE,737
12270.0,2013-11-28,3.92,35.0,TRUE,737
12270.0,2014-05-20,4.16,37.1,TRUE,739
12270.0,2014-07-30,3.41,30.4,TRUE,739
12270.0,2014-08-01,3.47,31.0,TRUE,740
12270.0,2015-01-28,1.28,11.4,TRUE,740
12270.0,2015-03-26,2.17,19.4,TRUE,741
12270.0,2015-06-03,1.9,17.0,TRUE,741
12270.0,2015-08-12,1.1,9.8,TRUE,742
12270.0,2015-09-23,0.8,7.1,TRUE,742
12270.0,2015-11-27,1.1,9.8,TRUE,743
12270.0,2016-04-28,0.07,0.6,TRUE,743
12271.0,2012-01-31,33.2,74.7,TRUE,747
12271.0,2013-06-21,11.03,24.8,TRUE,747
12271.0,2013-08-29,9.21,20.7,TRUE,748
12271.0,2014-12-19,1.33,3.0,TRUE,748
12271.0,2015-01-13,1.59,3.6,TRUE,749
12271.0,2015-04-24,0.83,1.9,TRUE,749
12271.0,2015-06-24,0.55,1.2,TRUE,750
12271.0,2015-10-09,0.02,0.0,TRUE,750
12271.0,2015-12-15,0.01,0.0,TRUE,751
12271.0,2016-01-25,0.01,0.0,TRUE,751
12271.0,2016-04-07,1.3,2.9,TRUE,752
12271.0,2017-03-03,0.13,0.3,TRUE,752
12273.0,2013-01-31,5.15,23.8,TRUE,754
12273.0,2013-07-31,2.82,13.0,TRUE,754
12273.0,2013-08-31,3.21,14.8,TRUE,755
12273.0,2013-09-13,3.08,14.2,TRUE,755
12273.0,2013-10-04,3.16,14.6,TRUE,756
12273.0,2014-04-11,0.88,4.1,TRUE,756
12273.0,2014-05-26,1.24,5.7,TRUE,757
12273.0,2014-08-14,0.79,3.6,TRUE,757
12273.0,2014-11-27,0.0,0.0,TRUE,758
12273.0,2015-01-05,0.2,0.9,TRUE,758
12275.0,2013-08-01,0.52,86.7,FALSE,761
12275.0,2013-09-01,0.48,80.0,FALSE,761
12275.0,2013-10-17,0.51,85.0,FALSE,762
12275.0,2014-01-01,0.47,78.3,FALSE,762
12275.0,2014-02-26,0.49,81.7,FALSE,763
12275.0,2014-05-26,0.46,76.7,FALSE,763
12275.0,2014-12-11,0.45,75.0,FALSE,765
12275.0,2015-01-01,0.44,73.3,FALSE,765
12275.0,2015-07-30,0.38,63.3,FALSE,767
12275.0,2016-12-12,0.13,21.7,FALSE,767
12278.0,2013-07-26,0.17,21.2,TRUE,769
12278.0,2014-06-01,0.04,5.0,TRUE,769
12278.0,2014-09-30,0.04,5.0,TRUE,770
12278.0,2015-05-18,0.0,0.0,TRUE,770
12279.0,2012-09-10,11.71,7.4,TRUE,771
12279.0,2012-10-31,10.94,6.9,TRUE,771
12279.0,2012-11-30,11.2,7.1,TRUE,772
12279.0,2012-12-31,10.78,6.8,TRUE,772
12279.0,2013-01-31,10.92,6.9,TRUE,773
12279.0,2013-10-31,9.46,6.0,TRUE,773
12279.0,2014-01-31,20.55,13.0,TRUE,774
12279.0,2014-10-31,14.34,9.1,TRUE,774
12279.0,2014-12-31,19.66,12.4,TRUE,775
12279.0,2015-03-31,18.52,11.7,TRUE,775
12279.0,2015-05-31,19.28,12.2,TRUE,776
12279.0,2015-12-31,12.39,7.8,TRUE,776
12279.0,2016-04-30,43.59,27.6,TRUE,778
12279.0,2017-03-02,26.99,17.1,TRUE,778
12281.0,2012-01-31,7.01,58.0,TRUE,779
12281.0,2014-10-31,1.79,14.8,TRUE,779
12281.0,2014-11-30,1.9,15.7,TRUE,780
12281.0,2015-12-31,0.65,5.4,TRUE,780
12281.0,2016-01-31,0.8,6.6,TRUE,781
12281.0,2016-02-29,0.7,5.8,TRUE,781
12281.0,2016-04-30,0.89,7.4,TRUE,782
12281.0,2017-01-31,0.24,2.0,TRUE,782
12283.0,2012-01-31,2.19,74.8,TRUE,783
12283.0,2012-08-01,1.56,53.2,TRUE,783
12283.0,2013-10-21,0.34,11.5,TRUE,786
12283.0,2014-03-18,0.1,3.2,TRUE,786
12283.0,2014-12-04,0.15,5.2,TRUE,789
12283.0,2015-01-29,0.12,4.2,TRUE,789
12283.0,2015-02-20,0.13,4.3,TRUE,790
12283.0,2015-03-25,0.11,3.7,TRUE,790
12283.0,2015-06-17,0.03,1.0,TRUE,791
12283.0,2015-11-03,0.0,0.0,TRUE,791
12283.0,2016-07-22,0.0,0.0,TRUE,793
12283.0,2016-09-08,0.0,0.0,TRUE,793
12284.0,2012-08-30,2.36,75.7,FALSE,794
12284.0,2012-09-18,2.32,74.4,FALSE,794
12284.0,2013-01-31,3.11,100.0,FALSE,795
12284.0,2013-03-25,2.86,92.0,FALSE,795
12284.0,2013-04-30,3.11,100.0,FALSE,796
12284.0,2013-05-31,3.08,99.0,FALSE,796
12284.0,2013-06-28,3.13,100.6,FALSE,797
12284.0,2013-08-30,3.04,97.7,FALSE,797
12284.0,2013-09-27,3.09,99.3,FALSE,798
12284.0,2013-11-21,2.8,90.2,FALSE,798
12284.0,2013-12-27,3.11,100.0,FALSE,799
12284.0,2014-04-30,2.88,92.7,FALSE,799
12284.0,2014-06-30,3.04,97.7,FALSE,800
12284.0,2014-07-31,2.97,95.4,FALSE,800
12284.0,2014-08-20,3.07,98.9,FALSE,801
12284.0,2014-10-24,2.78,89.4,FALSE,801
12284.0,2014-12-26,3.11,100.0,FALSE,802
12284.0,2015-05-29,2.21,71.0,FALSE,802
12284.0,2015-08-31,3.12,100.3,FALSE,803
12284.0,2015-12-28,2.19,70.3,FALSE,803
12284.0,2016-01-29,2.32,74.6,FALSE,804
12284.0,2016-07-25,1.52,48.8,FALSE,804
12284.0,2016-12-26,1.89,60.7,FALSE,805
12284.0,2017-03-06,1.44,46.3,FALSE,805
12286.0,2012-01-31,0.89,69.4,TRUE,806
12286.0,2012-02-29,0.8,62.7,TRUE,806
12286.0,2012-12-18,0.09,7.4,TRUE,809
12286.0,2013-02-28,0.0,0.0,TRUE,809
12286.0,2013-12-23,0.16,12.8,TRUE,811
12286.0,2014-03-25,0.05,4.0,TRUE,811
12286.0,2015-07-20,0.14,10.6,TRUE,814
12286.0,2015-08-19,0.13,10.4,TRUE,814
12286.0,2015-09-10,0.19,15.0,TRUE,815
12286.0,2015-10-09,0.16,12.4,TRUE,815
12286.0,2016-12-28,0.0,0.0,TRUE,819
12286.0,2017-01-27,0.0,0.0,TRUE,819
12287.0,2013-04-30,8.35,39.2,TRUE,823
12287.0,2013-04-30,8.34,39.1,TRUE,823
12287.0,2013-07-31,9.94,46.6,TRUE,824
12287.0,2014-01-31,4.58,21.5,TRUE,824
12287.0,2014-06-30,6.63,31.1,TRUE,825
12287.0,2015-03-31,0.3,1.4,TRUE,825
12287.0,2015-07-31,6.25,29.3,TRUE,826
12287.0,2015-12-31,4.78,22.4,TRUE,826
12287.0,2016-06-30,10.63,49.9,TRUE,827
12287.0,2017-01-31,5.56,26.1,TRUE,827
12294.0,2013-05-03,0.16,22.5,TRUE,828
12294.0,2014-12-11,0.02,2.8,TRUE,828
12294.0,2015-04-01,0.02,2.8,TRUE,829
12294.0,2015-06-12,0.01,1.4,TRUE,829
12294.0,2015-08-24,0.01,1.4,TRUE,830
12294.0,2015-10-13,0.0,0.0,TRUE,830
12297.0,2012-04-30,19.68,93.7,TRUE,831
12297.0,2014-01-31,7.98,38.0,TRUE,831
12297.0,2014-04-30,16.79,80.0,TRUE,832
12297.0,2015-12-31,6.54,31.1,TRUE,832
12297.0,2016-01-31,6.68,31.8,TRUE,833
12297.0,2016-02-29,6.42,30.6,TRUE,833
12297.0,2016-04-30,8.12,38.7,TRUE,834
12297.0,2017-02-28,5.0,23.8,TRUE,834
12299.0,2012-04-30,1845.16,95.1,TRUE,837
12299.0,2014-01-31,956.53,49.3,TRUE,837
12299.0,2014-05-31,1198.68,61.8,TRUE,838
12299.0,2015-12-31,644.29,33.2,TRUE,838
12299.0,2016-01-31,668.64,34.5,TRUE,839
12299.0,2016-02-29,658.69,34.0,TRUE,839
12299.0,2016-04-30,682.12,35.2,TRUE,840
12299.0,2017-03-16,190.95,9.8,TRUE,840
12301.0,2012-02-29,184.59,76.9,TRUE,841
12301.0,2013-03-31,63.83,26.6,TRUE,841
12301.0,2013-07-31,89.41,37.2,TRUE,842
12301.0,2014-01-31,44.26,18.4,TRUE,842
12301.0,2014-06-30,72.06,30.0,TRUE,843
12301.0,2015-01-31,47.03,19.6,TRUE,843
12301.0,2015-04-30,68.71,28.6,TRUE,844
12301.0,2015-06-30,64.01,26.7,TRUE,844
12301.0,2015-07-31,67.4,28.1,TRUE,845
12301.0,2015-12-31,35.51,14.8,TRUE,845
12301.0,2016-02-29,38.45,16.0,TRUE,846
12301.0,2016-03-31,35.63,14.8,TRUE,846
12301.0,2016-04-30,39.39,16.4,TRUE,847
12301.0,2016-06-30,34.93,14.6,TRUE,847
12301.0,2016-07-31,35.98,15.0,TRUE,848
12301.0,2017-01-31,22.31,9.3,TRUE,848
12302.0,2012-02-29,143.25,37.7,TRUE,849
12302.0,2012-06-20,122.31,32.2,TRUE,849
12302.0,2012-07-31,123.45,32.5,TRUE,850
12302.0,2012-10-30,117.05,30.8,TRUE,850
12302.0,2013-07-31,135.81,35.7,TRUE,851
12302.0,2013-10-31,128.71,33.9,TRUE,851
12302.0,2014-01-31,131.45,34.6,TRUE,852
12302.0,2014-02-28,129.91,34.2,TRUE,852
12302.0,2014-05-31,146.84,38.6,TRUE,853
12302.0,2015-01-31,108.12,28.4,TRUE,853
12302.0,2015-04-30,187.76,49.4,TRUE,854
12302.0,2015-06-30,180.07,47.4,TRUE,854
12302.0,2015-07-31,186.47,49.1,TRUE,855
12302.0,2016-03-31,110.64,29.1,TRUE,855
12302.0,2016-04-30,118.42,31.2,TRUE,856
12302.0,2017-02-28,33.42,8.8,TRUE,856
12305.0,2012-03-29,5.53,85.0,FALSE,857
12305.0,2012-05-29,4.55,70.0,FALSE,857
12305.0,2012-07-31,6.48,99.7,FALSE,858
12305.0,2013-04-10,1.55,23.9,FALSE,858
12305.0,2014-09-15,3.21,49.3,FALSE,862
12305.0,2015-06-05,0.14,2.2,FALSE,862
12305.0,2015-08-05,2.95,45.4,FALSE,863
12305.0,2015-12-29,1.67,25.6,FALSE,863
12305.0,2016-11-08,3.96,61.0,FALSE,864
12305.0,2017-01-26,2.9,44.7,FALSE,864
12311.0,2013-03-26,7.28,14.6,TRUE,865
12311.0,2014-02-28,2.16,4.4,TRUE,865
12311.0,2014-04-30,3.67,7.4,TRUE,866
12311.0,2015-03-31,0.6,1.2,TRUE,866
12311.0,2015-04-29,0.69,1.4,TRUE,867
12311.0,2015-09-30,0.11,0.2,TRUE,867
12311.0,2015-10-28,0.23,0.5,TRUE,868
12311.0,2015-11-21,0.02,0.0,TRUE,868
12311.0,2016-02-21,0.21,0.4,TRUE,869
12311.0,2016-03-14,0.17,0.3,TRUE,869
12311.0,2016-04-15,2.64,5.3,TRUE,870
12311.0,2017-02-21,0.24,0.5,TRUE,870
12316.0,2012-02-29,31.2,55.8,TRUE,871
12316.0,2013-03-31,8.94,16.0,TRUE,871
12316.0,2013-04-30,10.18,18.2,TRUE,872
12316.0,2014-02-28,2.59,4.6,TRUE,872
12316.0,2014-05-31,6.01,10.8,TRUE,873
12316.0,2015-11-30,0.02,0.0,TRUE,873
12316.0,2016-04-30,0.07,0.1,TRUE,874
12316.0,2016-10-09,0.0,0.0,TRUE,874
12320.0,2012-11-28,457.0,27.9,FALSE,876
12320.0,2012-12-31,437.0,26.6,FALSE,876
12320.0,2013-01-31,504.0,30.7,FALSE,877
12320.0,2013-03-31,476.0,29.0,FALSE,877
12320.0,2013-04-30,497.0,30.3,FALSE,878
12320.0,2013-11-30,425.0,25.9,FALSE,878
12320.0,2014-02-27,764.0,46.6,FALSE,879
12320.0,2014-10-31,637.0,38.8,FALSE,879
12320.0,2015-02-28,893.0,54.4,FALSE,881
12320.0,2015-04-30,867.0,52.9,FALSE,881
12320.0,2015-05-31,881.0,53.7,FALSE,882
12320.0,2015-12-31,744.0,45.4,FALSE,882
12320.0,2016-02-29,1110.0,67.7,FALSE,883
12320.0,2017-03-06,682.0,41.6,FALSE,883
12323.0,2012-01-31,229.55,52.9,TRUE,885
12323.0,2013-03-31,136.91,31.5,TRUE,885
12323.0,2013-06-30,148.66,34.2,TRUE,886
12323.0,2014-02-28,109.76,25.3,TRUE,886
12323.0,2014-03-31,114.19,26.3,TRUE,887
12323.0,2015-02-28,71.21,16.4,TRUE,887
12323.0,2015-03-31,72.1,16.6,TRUE,888
12323.0,2015-05-31,67.85,15.6,TRUE,888
12323.0,2015-06-30,86.99,20.0,TRUE,889
12323.0,2016-03-31,55.61,12.8,TRUE,889
12323.0,2016-04-30,56.51,13.0,TRUE,890
12323.0,2017-01-31,28.46,6.6,TRUE,890
12325.0,2012-01-31,211.23,58.7,TRUE,891
12325.0,2012-06-28,166.62,46.3,TRUE,891
12325.0,2012-10-31,113.16,31.4,TRUE,893
12325.0,2013-04-30,55.79,15.5,TRUE,893
12325.0,2013-04-30,55.8,15.5,TRUE,894
12325.0,2015-02-28,3.54,1.0,TRUE,894
12325.0,2015-04-30,14.55,4.0,TRUE,895
12325.0,2016-03-31,4.46,1.2,TRUE,895
12325.0,2016-04-30,4.76,1.3,TRUE,896
12325.0,2017-01-31,0.34,0.1,TRUE,896
12327.0,2012-03-01,100.0,55.2,TRUE,897
12327.0,2013-11-01,45.0,24.8,TRUE,897
12327.0,2014-01-15,50.0,27.6,TRUE,898
12327.0,2014-05-05,46.0,25.4,TRUE,898
12327.0,2014-07-24,41.5,22.9,TRUE,899
12327.0,2014-11-24,38.1,21.0,TRUE,899
12327.0,2015-01-28,36.0,19.9,TRUE,900
12327.0,2015-02-27,36.0,19.9,TRUE,900
12327.0,2015-03-26,37.0,20.4,TRUE,901
12327.0,2015-05-08,30.0,16.6,TRUE,901
12327.0,2015-08-27,18.0,9.9,TRUE,902
12327.0,2016-01-11,10.0,5.5,TRUE,902
12327.0,2016-04-12,38.0,21.0,TRUE,904
12327.0,2016-06-28,33.0,18.2,TRUE,904
12329.0,2012-03-30,0.61,10.4,TRUE,907
12329.0,2012-05-31,0.45,7.6,TRUE,907
12329.0,2012-06-29,0.54,9.2,TRUE,908
12329.0,2013-02-28,0.0,0.0,TRUE,908
12329.0,2014-05-21,0.32,5.4,TRUE,909
12329.0,2014-10-14,0.12,2.1,TRUE,909
12329.0,2014-11-26,0.17,2.9,TRUE,910
12329.0,2015-04-30,0.0,0.0,TRUE,910
12331.0,2013-05-12,0.17,65.4,FALSE,911
12331.0,2013-11-01,0.08,30.8,FALSE,911
12331.0,2014-01-01,0.16,61.5,FALSE,912
12331.0,2014-02-01,0.14,53.8,FALSE,912
12331.0,2014-05-01,0.24,92.3,FALSE,913
12331.0,2015-02-01,0.09,34.6,FALSE,913
12331.0,2015-03-31,0.25,96.2,FALSE,914
12331.0,2016-03-18,0.09,34.6,FALSE,914
12331.0,2016-10-03,0.05,19.2,FALSE,917
12331.0,2017-02-21,0.0,1.8,FALSE,917
12339.0,2013-05-15,0.94,13.8,TRUE,918
12339.0,2013-12-01,0.31,4.6,TRUE,918
12339.0,2014-02-01,0.15,2.2,TRUE,919
12339.0,2014-06-06,0.0,0.0,TRUE,919
12339.0,2014-12-11,0.22,3.2,TRUE,920
12339.0,2015-01-02,0.2,3.0,TRUE,920
12339.0,2015-04-16,0.01,0.2,TRUE,921
12339.0,2015-06-17,0.0,0.0,TRUE,921
12341.0,2012-01-31,23.01,44.2,TRUE,923
12341.0,2012-02-29,22.39,43.1,TRUE,923
12341.0,2012-02-29,23.24,44.7,TRUE,924
12341.0,2012-12-31,13.49,25.9,TRUE,924
12341.0,2013-01-31,13.63,26.2,TRUE,925
12341.0,2013-08-31,5.87,11.3,TRUE,925
12341.0,2013-09-30,9.41,18.1,TRUE,926
12341.0,2013-11-30,4.58,8.8,TRUE,926
12341.0,2013-12-31,8.28,15.9,TRUE,927
12341.0,2014-02-28,7.8,15.0,TRUE,927
12341.0,2014-03-31,9.35,18.0,TRUE,928
12341.0,2014-05-31,4.87,9.4,TRUE,928
12341.0,2014-06-30,8.45,16.2,TRUE,929
12341.0,2015-02-28,2.46,4.7,TRUE,929
12341.0,2015-03-31,2.82,5.4,TRUE,930
12341.0,2017-01-31,0.05,0.1,TRUE,930
12341.0,2017-02-28,0.06,0.1,TRUE,931
12341.0,2017-03-16,0.04,0.1,TRUE,931
12345.0,2012-03-28,7.82,28.2,TRUE,932
12345.0,2012-07-26,3.12,11.2,TRUE,932
12345.0,2012-12-21,1.88,6.8,TRUE,934
12345.0,2013-02-07,1.45,5.2,TRUE,934
12348.0,2012-01-31,6.71,49.2,FALSE,937
12348.0,2012-02-27,4.43,32.4,FALSE,937
12348.0,2012-06-20,8.34,61.1,FALSE,938
12348.0,2013-03-31,2.01,14.7,FALSE,938
12348.0,2013-05-31,4.86,35.6,FALSE,939
12348.0,2013-12-16,0.19,1.4,FALSE,939
12348.0,2014-05-31,2.12,15.6,FALSE,940
12348.0,2014-07-31,0.0,0.0,FALSE,940
12348.0,2014-08-27,1.31,9.6,FALSE,941
12348.0,2015-02-28,0.41,3.0,FALSE,941
12348.0,2015-05-31,7.26,53.2,FALSE,942
12348.0,2015-12-31,3.26,23.9,FALSE,942
12348.0,2016-01-31,4.41,32.3,FALSE,943
12348.0,2016-02-29,4.3,31.5,FALSE,943
12348.0,2016-04-30,8.21,60.2,FALSE,944
12348.0,2017-01-31,3.51,25.7,FALSE,944
12351.0,2013-04-30,3.39,42.8,TRUE,945
12351.0,2014-01-31,2.12,26.7,TRUE,945
12351.0,2014-02-18,2.19,27.6,TRUE,946
12351.0,2015-03-31,0.73,9.2,TRUE,946
12351.0,2015-04-14,0.76,9.6,TRUE,947
12351.0,2016-01-13,0.3,3.8,TRUE,947
12351.0,2016-02-18,0.56,7.1,TRUE,948
12351.0,2016-07-06,0.2,2.5,TRUE,948
12351.0,2016-11-24,0.1,1.3,TRUE,950
12351.0,2016-12-13,0.1,1.3,TRUE,950
12352.0,2012-01-31,47.76,33.4,TRUE,951
12352.0,2013-03-27,23.83,16.7,TRUE,951
12352.0,2013-03-27,23.94,16.7,TRUE,952
12352.0,2014-02-28,15.96,11.2,TRUE,952
12352.0,2014-05-31,18.01,12.6,TRUE,953
12352.0,2016-02-29,6.87,4.8,TRUE,953
12352.0,2016-04-30,7.38,5.2,TRUE,954
12352.0,2017-01-31,4.22,3.0,TRUE,954
12354.0,2012-11-26,6.25,16.0,FALSE,956
12354.0,2013-01-14,4.89,12.6,FALSE,956
12354.0,2013-02-25,12.81,32.9,FALSE,957
12354.0,2013-03-18,9.99,25.6,FALSE,957
12354.0,2013-09-30,38.8,99.6,FALSE,959
12354.0,2013-11-25,35.19,90.4,FALSE,959
12354.0,2013-12-26,36.89,94.7,FALSE,960
12354.0,2014-02-24,31.01,79.6,FALSE,960
12354.0,2014-05-19,40.36,103.6,FALSE,961
12354.0,2014-06-26,39.15,100.5,FALSE,961
12354.0,2014-07-28,39.72,102.0,FALSE,962
12354.0,2014-11-03,34.2,87.8,FALSE,962
12354.0,2014-12-29,39.08,100.4,FALSE,963
12354.0,2015-02-23,35.47,91.1,FALSE,963
12354.0,2015-03-30,37.1,95.3,FALSE,964
12354.0,2015-04-06,36.32,93.3,FALSE,964
12354.0,2015-05-25,40.28,103.4,FALSE,965
12354.0,2015-12-28,25.06,64.4,FALSE,965
12354.0,2016-01-25,41.28,106.0,FALSE,966
12354.0,2016-03-14,33.06,84.9,FALSE,966
12354.0,2016-05-30,26.26,67.4,FALSE,967
12354.0,2016-06-20,24.47,62.8,FALSE,967
12354.0,2016-07-11,28.92,74.3,FALSE,968
12354.0,2016-11-28,14.2,36.5,FALSE,968
12357.0,2013-04-24,0.03,2.3,TRUE,969
12357.0,2013-05-16,0.02,1.5,TRUE,969
12357.0,2013-07-23,0.01,0.8,TRUE,970
12357.0,2013-08-30,0.01,0.8,TRUE,970
12357.0,2013-11-04,0.0,0.0,TRUE,972
12357.0,2013-12-02,0.0,0.0,TRUE,972
12357.0,2014-04-25,0.07,5.3,TRUE,973
12357.0,2014-06-01,0.06,4.6,TRUE,973
12357.0,2014-08-28,0.03,2.3,TRUE,974
12357.0,2014-12-01,0.02,1.5,TRUE,974
12357.0,2015-03-09,0.0,0.0,TRUE,975
12357.0,2015-05-06,0.0,0.0,TRUE,975
12357.0,2016-09-19,0.0,0.0,TRUE,977
12357.0,2016-10-13,0.0,0.0,TRUE,977
12360.0,2012-05-28,3.99,99.7,FALSE,978
12360.0,2013-02-28,0.82,20.5,FALSE,978
12360.0,2013-06-30,2.42,60.4,FALSE,979
12360.0,2014-02-28,0.78,19.5,FALSE,979
12360.0,2014-05-31,1.97,49.2,FALSE,980
12360.0,2015-02-28,0.28,7.0,FALSE,980
12360.0,2015-07-31,3.85,96.2,FALSE,981
12360.0,2015-12-31,1.41,35.2,FALSE,981
12360.0,2016-05-31,3.37,84.2,FALSE,982
12360.0,2017-01-31,1.01,25.2,FALSE,982
12361.0,2013-04-30,5.49,35.1,TRUE,983
12361.0,2013-11-01,3.61,23.1,TRUE,983
12361.0,2013-12-12,4.32,27.6,TRUE,984
12361.0,2014-02-01,4.07,26.0,TRUE,984
12361.0,2014-04-18,7.37,47.2,TRUE,985
12361.0,2014-11-01,5.88,37.6,TRUE,985
12361.0,2014-12-16,5.94,38.0,TRUE,986
12361.0,2015-02-01,5.69,36.4,TRUE,986
12361.0,2015-05-19,6.6,42.2,TRUE,987
12361.0,2015-11-30,4.97,31.8,TRUE,987
12361.0,2016-04-15,5.44,34.8,TRUE,988
12361.0,2016-06-03,5.13,32.8,TRUE,988
12361.0,2016-08-31,4.4,28.2,TRUE,989
12361.0,2017-01-31,3.26,20.8,TRUE,989
12363.0,2012-01-31,5.12,71.9,TRUE,990
12363.0,2012-08-27,1.39,32.1,TRUE,990
12363.0,2012-09-28,3.25,75.0,TRUE,991
12363.0,2013-06-30,0.34,7.9,TRUE,991
12363.0,2013-07-31,0.37,8.6,TRUE,992
12363.0,2013-11-30,0.0,0.0,TRUE,992
12363.0,2014-05-31,0.87,20.1,TRUE,993
12363.0,2014-07-30,0.73,16.8,TRUE,993
12363.0,2014-08-31,0.85,19.6,TRUE,994
12363.0,2014-09-30,0.51,11.8,TRUE,994
12363.0,2014-11-30,0.85,19.6,TRUE,995
12363.0,2015-02-28,0.19,4.4,TRUE,995
12363.0,2015-04-30,0.2,4.5,TRUE,996
12363.0,2015-08-31,0.0,0.0,TRUE,996
12363.0,2016-04-30,0.48,11.1,TRUE,997
12363.0,2016-08-25,0.32,7.4,TRUE,997
12363.0,2016-10-31,0.17,3.9,TRUE,998
12363.0,2017-03-14,0.02,0.5,TRUE,998
12365.0,2012-03-28,49.2,91.1,TRUE,999
12365.0,2012-05-31,45.36,84.0,TRUE,999
12365.0,2012-06-28,45.84,84.9,TRUE,1000
12365.0,2012-08-31,44.25,82.0,TRUE,1000
12365.0,2012-08-31,44.4,82.2,TRUE,1001
12365.0,2012-12-31,33.88,62.8,TRUE,1001
12365.0,2013-07-31,47.86,88.6,TRUE,1002
12365.0,2014-01-31,33.82,62.6,TRUE,1002
12365.0,2014-05-31,41.33,76.5,TRUE,1003
12365.0,2014-08-31,34.35,63.6,TRUE,1003
12365.0,2014-09-30,34.42,63.7,TRUE,1004
12365.0,2015-02-28,26.94,49.9,TRUE,1004
12365.0,2015-03-31,27.9,51.7,TRUE,1005
12365.0,2015-04-30,1.05,1.9,TRUE,1005
12365.0,2015-05-31,1.07,2.0,TRUE,1006
12365.0,2016-01-31,0.0,0.0,TRUE,1006
12370.0,2012-01-27,9.6,100.0,FALSE,1007
12370.0,2013-03-28,3.9,40.7,FALSE,1007
12370.0,2013-06-26,9.6,100.0,FALSE,1008
12370.0,2013-11-29,7.1,74.0,FALSE,1008
12370.0,2014-04-08,9.6,100.0,FALSE,1010
12370.0,2014-05-21,9.33,97.2,FALSE,1010
12370.0,2014-06-06,9.6,100.0,FALSE,1011
12370.0,2015-07-21,4.65,48.4,FALSE,1011
12370.0,2015-11-27,3.24,33.8,FALSE,1013
12370.0,2016-04-27,2.17,22.6,FALSE,1013
12370.0,2016-10-17,0.97,10.1,FALSE,1015
12370.0,2016-12-20,0.0,0.0,FALSE,1015
12372.0,2013-05-01,0.87,13.6,TRUE,1016
12372.0,2014-02-28,0.24,3.7,TRUE,1016
12372.0,2014-04-11,0.84,13.1,TRUE,1017
12372.0,2014-05-28,0.8,12.5,TRUE,1017
12372.0,2014-06-02,0.85,13.3,TRUE,1018
12372.0,2014-07-01,0.79,12.3,TRUE,1018
12372.0,2014-09-18,0.57,8.9,TRUE,1019
12372.0,2014-10-01,0.53,8.3,TRUE,1019
12372.0,2014-12-30,0.3,4.7,TRUE,1020
12372.0,2015-03-13,0.05,0.8,TRUE,1020
12372.0,2015-05-05,0.09,1.4,TRUE,1021
12372.0,2016-01-04,0.0,0.0,TRUE,1021
12372.0,2016-05-13,0.06,0.9,TRUE,1022
12372.0,2016-08-08,0.02,0.3,TRUE,1022
12372.0,2016-10-13,0.02,0.3,TRUE,1023
12372.0,2016-12-07,0.01,0.2,TRUE,1023
12375.0,2012-01-31,46.81,76.2,TRUE,1024
12375.0,2012-07-31,35.94,58.5,TRUE,1024
12375.0,2012-07-31,35.95,58.5,TRUE,1025
12375.0,2013-04-30,18.61,30.3,TRUE,1025
12375.0,2013-05-31,22.71,37.0,TRUE,1026
12375.0,2014-02-28,12.17,19.8,TRUE,1026
12375.0,2014-05-31,13.0,21.2,TRUE,1027
12375.0,2015-02-28,3.36,5.5,TRUE,1027
12375.0,2015-03-31,3.38,5.5,TRUE,1028
12375.0,2015-06-30,2.71,4.4,TRUE,1028
12375.0,2015-07-31,4.27,7.0,TRUE,1029
12375.0,2016-03-31,1.45,2.4,TRUE,1029
12375.0,2016-04-30,1.56,2.5,TRUE,1030
12375.0,2017-01-31,0.3,0.5,TRUE,1030
12376.0,2013-04-29,3.26,18.4,TRUE,1031
12376.0,2013-11-13,1.56,8.8,TRUE,1031
12376.0,2014-02-26,0.69,3.9,TRUE,1032
12376.0,2014-03-01,0.68,3.8,TRUE,1032
12376.0,2014-11-06,1.01,5.7,TRUE,1035
12376.0,2014-12-01,0.91,5.1,TRUE,1035
12376.0,2015-04-27,0.77,4.4,TRUE,1037
12376.0,2015-09-04,0.22,1.2,TRUE,1037
12376.0,2015-10-02,0.34,1.9,TRUE,1038
12376.0,2015-11-03,0.22,1.2,TRUE,1038
12376.0,2016-01-04,0.08,0.4,TRUE,1039
12376.0,2016-03-02,0.01,0.1,TRUE,1039
12376.0,2016-05-03,0.0,0.0,TRUE,1040
12376.0,2016-06-19,0.0,0.0,TRUE,1040
12377.0,2013-03-31,0.89,13.0,TRUE,1041
12377.0,2014-04-01,0.3,4.4,TRUE,1041
12377.0,2014-10-31,0.1,1.5,TRUE,1044
12377.0,2014-12-29,0.05,0.7,TRUE,1044
12377.0,2015-02-28,0.1,1.5,TRUE,1045
12377.0,2015-04-02,0.0,0.0,TRUE,1045
12377.0,2016-02-11,0.05,0.7,TRUE,1046
12377.0,2016-08-08,0.0,0.0,TRUE,1046
12379.0,2013-02-26,5.18,38.1,TRUE,1047
12379.0,2013-11-19,2.98,21.9,TRUE,1047
12379.0,2014-11-04,2.32,17.1,TRUE,1050
12379.0,2014-12-02,2.11,15.5,TRUE,1050
12379.0,2015-06-03,1.72,12.6,TRUE,1051
12379.0,2016-06-07,0.53,3.9,TRUE,1051
12379.0,2016-12-08,0.11,0.8,TRUE,1053
12379.0,2017-01-17,0.05,0.4,TRUE,1053
12380.0,2012-02-29,15.22,78.0,TRUE,1054
12380.0,2014-03-31,2.52,12.9,TRUE,1054
12380.0,2014-04-30,3.3,16.9,TRUE,1055
12380.0,2014-07-31,0.0,0.0,TRUE,1055
12380.0,2014-09-30,2.85,14.6,TRUE,1056
12380.0,2015-02-28,2.41,12.4,TRUE,1056
12380.0,2015-04-30,3.5,17.9,TRUE,1057
12380.0,2015-12-31,2.06,10.6,TRUE,1057
12380.0,2016-01-31,2.24,11.5,TRUE,1058
12380.0,2016-02-29,2.04,10.4,TRUE,1058
12380.0,2016-03-31,2.06,10.6,TRUE,1059
12380.0,2017-03-15,0.18,0.9,TRUE,1059
12381.0,2013-06-26,11.0,51.4,TRUE,1062
12381.0,2013-11-12,8.98,42.0,TRUE,1062
12381.0,2014-02-12,7.94,37.1,TRUE,1063
12381.0,2014-03-26,7.78,36.4,TRUE,1063
12381.0,2014-10-22,7.23,33.8,TRUE,1066
12381.0,2014-11-27,6.3,29.4,TRUE,1066
12381.0,2015-06-03,5.37,25.1,TRUE,1067
12381.0,2015-07-22,4.38,20.5,TRUE,1067
12381.0,2015-09-22,3.42,16.0,TRUE,1068
12381.0,2016-06-15,1.74,8.1,TRUE,1068
12381.0,2017-02-21,1.51,7.0,TRUE,1071
12381.0,2017-03-07,1.46,6.8,TRUE,1071
12382.0,2012-07-19,19.2,13.1,FALSE,1072
12382.0,2012-12-28,12.84,8.8,FALSE,1072
12382.0,2013-01-31,14.27,9.7,FALSE,1073
12382.0,2013-11-30,5.96,4.1,FALSE,1073
12382.0,2013-12-27,30.27,20.6,FALSE,1074
12382.0,2014-03-28,24.79,16.9,FALSE,1074
12382.0,2014-04-30,26.63,18.1,FALSE,1075
12382.0,2014-10-31,20.2,13.8,FALSE,1075
12382.0,2014-12-30,29.22,19.9,FALSE,1076
12382.0,2015-01-30,27.19,18.5,FALSE,1076
12382.0,2015-02-27,27.68,18.8,FALSE,1077
12382.0,2015-12-28,14.1,9.6,FALSE,1077
12382.0,2016-02-29,145.17,98.9,FALSE,1078
12382.0,2017-03-06,94.17,64.1,FALSE,1078
12383.0,2012-02-29,22.49,64.3,TRUE,1079
12383.0,2012-03-30,22.26,63.6,TRUE,1079
12383.0,2012-04-25,22.28,63.7,TRUE,1080
12383.0,2012-09-26,14.79,42.3,TRUE,1080
12383.0,2012-10-04,15.16,43.3,TRUE,1081
12383.0,2012-11-22,12.69,36.2,TRUE,1081
12383.0,2013-01-31,10.49,30.0,TRUE,1082
12383.0,2013-02-27,9.66,27.6,TRUE,1082
12383.0,2013-03-27,9.73,27.8,TRUE,1083
12383.0,2014-02-27,4.15,11.9,TRUE,1083
12383.0,2014-04-30,5.36,15.3,TRUE,1084
12383.0,2015-03-24,1.04,3.0,TRUE,1084
12383.0,2015-06-02,0.71,2.0,TRUE,1085
12383.0,2015-08-13,0.09,0.3,TRUE,1085
12383.0,2016-01-21,0.09,0.2,TRUE,1086
12383.0,2016-03-31,0.0,0.0,TRUE,1086
12384.0,2012-03-28,47.21,100.0,TRUE,1087
12384.0,2013-02-28,20.85,44.2,TRUE,1087
12384.0,2013-03-31,21.14,44.8,TRUE,1088
12384.0,2014-01-31,7.08,15.0,TRUE,1088
12384.0,2014-05-31,34.61,73.3,TRUE,1089
12384.0,2015-02-28,17.12,36.3,TRUE,1089
12384.0,2015-03-31,17.16,36.4,TRUE,1090
12384.0,2015-12-31,6.12,13.0,TRUE,1090
12384.0,2016-01-31,7.7,16.3,TRUE,1091
12384.0,2016-02-29,7.32,15.5,TRUE,1091
12384.0,2016-04-30,15.49,32.8,TRUE,1092
12384.0,2016-12-31,6.33,13.4,TRUE,1092
12387.0,2013-06-01,17.99,18.4,TRUE,1093
12387.0,2013-08-01,17.44,17.9,TRUE,1093
12387.0,2013-10-04,16.49,16.9,TRUE,1094
12387.0,2013-11-01,14.73,15.1,TRUE,1094
12387.0,2013-12-01,15.92,16.3,TRUE,1095
12387.0,2014-02-01,15.43,15.8,TRUE,1095
12387.0,2014-06-01,26.79,27.5,TRUE,1096
12387.0,2014-09-24,23.27,23.9,TRUE,1096
12387.0,2014-10-01,25.41,26.1,TRUE,1097
12387.0,2015-02-24,20.54,21.1,TRUE,1097
12387.0,2015-05-14,25.49,26.2,TRUE,1098
12387.0,2015-10-01,23.04,23.6,TRUE,1098
12387.0,2015-11-05,23.72,24.3,TRUE,1099
12387.0,2016-01-04,22.21,22.8,TRUE,1099
12387.0,2016-02-12,22.99,23.6,TRUE,1100
12387.0,2016-03-16,22.36,22.9,TRUE,1100
12387.0,2016-04-04,22.74,23.3,TRUE,1101
12387.0,2016-06-03,19.81,20.3,TRUE,1101
12387.0,2016-09-30,20.02,20.5,TRUE,1103
12387.0,2016-12-15,18.27,18.7,TRUE,1103
12396.0,2013-01-29,1.18,9.9,TRUE,1105
12396.0,2013-06-01,0.0,0.0,TRUE,1105
12396.0,2013-07-31,0.54,4.5,TRUE,1106
12396.0,2013-10-01,0.0,0.0,TRUE,1106
12396.0,2014-02-03,0.01,0.1,TRUE,1107
12396.0,2014-03-06,0.0,0.0,TRUE,1107
12396.0,2014-04-25,0.01,0.1,TRUE,1108
12396.0,2014-06-11,0.0,0.0,TRUE,1108
12396.0,2015-06-11,0.91,7.6,TRUE,1109
12396.0,2015-08-10,0.7,5.8,TRUE,1109
12396.0,2015-11-30,0.0,0.0,TRUE,1110
12396.0,2015-12-31,0.0,0.0,TRUE,1110
12396.0,2016-01-26,0.7,5.8,TRUE,1111
12396.0,2016-02-19,0.0,0.0,TRUE,1111
12396.0,2016-04-08,1.33,11.1,TRUE,1112
12396.0,2016-09-28,0.6,5.0,TRUE,1112
12400.0,2013-05-27,7.76,31.8,TRUE,1115
12400.0,2013-11-01,5.91,24.2,TRUE,1115
12400.0,2014-02-01,6.47,26.5,TRUE,1116
12400.0,2014-03-01,6.05,24.8,TRUE,1116
12400.0,2014-05-29,5.24,21.5,TRUE,1117
12400.0,2014-09-05,3.46,14.2,TRUE,1117
12400.0,2014-11-18,2.51,10.3,TRUE,1118
12400.0,2014-12-01,2.41,9.9,TRUE,1118
12400.0,2015-01-22,3.15,12.9,TRUE,1119
12400.0,2015-10-16,1.61,6.6,TRUE,1119
12400.0,2016-01-04,1.03,4.2,TRUE,1120
12400.0,2016-05-13,0.43,1.8,TRUE,1120
12400.0,2016-11-10,0.16,0.7,TRUE,1123
12400.0,2016-12-10,0.16,0.7,TRUE,1123
12405.0,2012-03-28,1.03,32.1,TRUE,1124
12405.0,2012-09-20,0.43,13.5,TRUE,1124
12405.0,2012-10-25,0.48,15.1,TRUE,1125
12405.0,2013-07-04,0.13,4.1,TRUE,1125
12405.0,2013-10-31,0.0,0.0,TRUE,1126
12405.0,2013-11-30,0.0,0.0,TRUE,1126
12406.0,2013-05-31,4.72,60.8,TRUE,1127
12406.0,2013-10-04,4.36,56.2,TRUE,1127
12406.0,2013-11-06,4.46,57.5,TRUE,1128
12406.0,2015-02-23,3.0,38.7,TRUE,1128
12406.0,2015-03-23,3.13,40.3,TRUE,1129
12406.0,2015-06-30,2.91,37.5,TRUE,1129
12406.0,2015-07-23,2.92,37.6,TRUE,1130
12406.0,2016-01-19,2.4,30.9,TRUE,1130
12406.0,2016-02-16,2.41,31.1,TRUE,1131
12406.0,2017-03-17,1.44,18.5,TRUE,1131
12408.0,2013-07-31,0.01,0.2,TRUE,1133
12408.0,2013-09-01,0.0,0.0,TRUE,1133
12408.0,2014-04-08,0.7,14.2,TRUE,1134
12408.0,2014-06-02,0.68,13.8,TRUE,1134
12408.0,2014-10-01,0.58,11.8,TRUE,1136
12408.0,2015-02-01,0.21,4.3,TRUE,1136
12408.0,2015-05-05,0.33,6.7,TRUE,1137
12408.0,2015-09-09,0.16,3.2,TRUE,1137
12408.0,2015-12-09,0.07,1.4,TRUE,1138
12408.0,2016-02-12,0.04,0.8,TRUE,1138
12408.0,2016-05-02,0.55,11.2,TRUE,1139
12408.0,2016-12-15,0.08,1.6,TRUE,1139
12408.0,2017-02-22,0.3,6.1,TRUE,1140
12408.0,2017-03-01,0.06,1.3,TRUE,1140
12409.0,2012-02-29,23.04,51.7,TRUE,1141
12409.0,2012-03-31,22.96,51.5,TRUE,1141
12409.0,2012-04-30,24.5,54.9,TRUE,1142
12409.0,2012-07-31,17.36,38.9,TRUE,1142
12409.0,2012-09-30,19.26,43.2,TRUE,1143
12409.0,2013-01-31,10.22,22.9,TRUE,1143
12409.0,2013-06-28,15.74,35.3,TRUE,1144
12409.0,2014-02-27,7.46,16.7,TRUE,1144
12409.0,2014-04-30,12.54,28.1,TRUE,1145
12409.0,2015-02-28,3.78,8.5,TRUE,1145
12409.0,2015-03-31,5.34,12.0,TRUE,1146
12409.0,2016-02-16,1.22,2.7,TRUE,1146
12409.0,2016-05-16,22.52,50.5,TRUE,1147
12409.0,2017-03-17,11.56,25.9,TRUE,1147
12411.0,2012-11-26,31.89,8.9,TRUE,1149
12411.0,2013-01-14,28.97,8.1,TRUE,1149
12411.0,2013-02-25,31.19,8.7,TRUE,1150
12411.0,2013-07-22,25.7,7.2,TRUE,1150
12411.0,2013-09-30,23.6,6.6,TRUE,1151
12411.0,2013-11-25,21.46,6.0,TRUE,1151
12411.0,2013-12-26,30.24,8.5,TRUE,1152
12411.0,2014-02-24,27.95,7.8,TRUE,1152
12411.0,2014-03-17,28.27,7.9,TRUE,1153
12411.0,2015-12-27,11.83,3.3,TRUE,1153
12411.0,2016-02-29,68.04,19.1,TRUE,1154
12411.0,2016-11-28,53.0,14.8,TRUE,1154
12413.0,2013-05-01,2.52,82.6,TRUE,1155
12413.0,2013-08-01,2.16,70.8,TRUE,1155
12413.0,2013-10-21,1.5,49.2,TRUE,1156
12413.0,2013-11-01,1.43,46.9,TRUE,1156
12413.0,2014-01-31,0.93,30.5,TRUE,1157
12413.0,2014-02-28,0.92,30.2,TRUE,1157
12413.0,2014-04-24,2.52,82.6,TRUE,1158
12413.0,2014-07-31,0.0,0.0,TRUE,1158
12413.0,2014-09-30,1.57,51.5,TRUE,1159
12413.0,2015-02-27,0.93,30.5,TRUE,1159
12413.0,2015-03-31,1.68,55.1,TRUE,1160
12413.0,2016-03-30,0.35,11.5,TRUE,1160
12413.0,2016-04-18,0.39,12.8,TRUE,1161
12413.0,2016-10-13,0.07,2.3,TRUE,1161
12415.0,2012-01-31,22.02,75.6,TRUE,1163
12415.0,2014-01-31,0.55,1.9,TRUE,1163
12415.0,2014-02-28,0.67,2.3,TRUE,1164
12415.0,2014-03-31,0.66,2.3,TRUE,1164
12415.0,2014-04-30,9.56,32.8,TRUE,1165
12415.0,2014-07-31,0.0,0.0,TRUE,1165
12415.0,2014-08-31,4.08,14.0,TRUE,1166
12415.0,2015-02-28,0.49,1.7,TRUE,1166
12415.0,2015-03-31,0.5,1.7,TRUE,1167
12415.0,2015-04-30,0.44,1.5,TRUE,1167
12415.0,2015-05-31,0.56,1.9,TRUE,1168
12415.0,2015-09-30,0.29,1.0,TRUE,1168
12415.0,2015-10-31,0.43,1.5,TRUE,1169
12415.0,2016-02-29,0.2,0.7,TRUE,1169
12415.0,2016-03-31,0.49,1.7,TRUE,1170
12415.0,2017-03-16,0.01,0.0,TRUE,1170
12416.0,2012-04-24,1.26,17.6,TRUE,1171
12416.0,2012-06-04,1.12,15.6,TRUE,1171
12416.0,2014-07-03,1.47,20.6,TRUE,1174
12416.0,2015-02-10,0.56,7.8,TRUE,1174
12416.0,2015-05-20,0.18,2.5,TRUE,1175
12416.0,2015-06-25,0.17,2.4,TRUE,1175
12416.0,2015-08-26,0.0,0.0,TRUE,1176
12416.0,2015-09-01,0.0,0.0,TRUE,1176
12417.0,2013-04-26,0.03,3.1,TRUE,1179
12417.0,2013-12-01,0.0,0.0,TRUE,1179
12417.0,2014-04-29,0.08,8.3,TRUE,1180
12417.0,2015-01-22,0.01,1.0,TRUE,1180
12417.0,2015-02-28,0.24,25.0,TRUE,1181
12417.0,2015-07-31,0.12,12.5,TRUE,1181
12417.0,2015-09-30,0.08,8.3,TRUE,1182
12417.0,2015-11-10,0.05,5.2,TRUE,1182
12417.0,2016-02-15,0.19,19.8,TRUE,1183
12417.0,2016-04-01,0.15,15.6,TRUE,1183
12417.0,2016-06-30,0.09,9.4,TRUE,1184
12417.0,2016-10-31,0.04,4.2,TRUE,1184
12417.0,2016-12-31,0.02,1.8,TRUE,1185
12417.0,2017-03-09,0.0,0.4,TRUE,1185
12420.0,2013-02-28,0.69,4.4,TRUE,1186
12420.0,2013-10-01,0.0,0.0,TRUE,1186
12420.0,2014-02-03,0.01,0.1,TRUE,1187
12420.0,2014-03-06,0.0,0.0,TRUE,1187
12420.0,2014-04-30,2.02,12.8,TRUE,1188
12420.0,2015-03-25,0.46,2.9,TRUE,1188
12420.0,2015-06-10,0.59,3.7,TRUE,1189
12420.0,2015-12-31,0.0,0.0,TRUE,1189
12420.0,2016-01-04,0.08,0.5,TRUE,1190
12420.0,2016-05-02,0.01,0.0,TRUE,1190
12420.0,2016-07-27,0.0,0.0,TRUE,1191
12420.0,2016-08-08,0.0,0.0,TRUE,1191
12422.0,2013-05-16,1.27,15.0,TRUE,1192
12422.0,2013-06-25,0.96,11.4,TRUE,1192
12422.0,2013-11-04,0.52,6.2,TRUE,1194
12422.0,2014-03-01,0.15,1.8,TRUE,1194
12422.0,2014-12-01,1.65,19.5,TRUE,1197
12422.0,2015-01-02,1.32,15.6,TRUE,1197
12422.0,2015-05-14,0.5,5.9,TRUE,1198
12422.0,2015-11-03,0.03,0.4,TRUE,1198
12422.0,2016-08-23,0.26,3.1,TRUE,1199
12422.0,2016-11-10,0.03,0.4,TRUE,1199
12423.0,2012-01-31,13.6,70.6,TRUE,1200
12423.0,2012-05-28,12.95,67.3,TRUE,1200
12423.0,2012-05-28,13.03,67.7,TRUE,1201
12423.0,2012-10-31,5.36,27.9,TRUE,1201
12423.0,2012-11-30,7.57,39.3,TRUE,1202
12423.0,2013-02-28,3.57,18.6,TRUE,1202
12423.0,2013-04-30,5.6,29.1,TRUE,1203
12423.0,2013-04-30,3.39,17.6,TRUE,1203
12423.0,2013-09-30,6.0,31.2,TRUE,1205
12423.0,2013-11-30,2.8,14.6,TRUE,1205
12423.0,2013-12-19,4.3,22.3,TRUE,1206
12423.0,2014-02-28,3.58,18.6,TRUE,1206
12423.0,2014-03-31,3.66,19.0,TRUE,1207
12423.0,2014-04-30,2.63,13.7,TRUE,1207
12423.0,2014-06-30,6.93,36.0,TRUE,1208
12423.0,2014-08-31,3.36,17.4,TRUE,1208
12423.0,2014-09-30,4.91,25.5,TRUE,1209
12423.0,2014-10-31,2.62,13.6,TRUE,1209
12423.0,2014-11-28,3.9,20.2,TRUE,1210
12423.0,2014-12-31,2.06,10.7,TRUE,1210
12423.0,2015-01-26,3.07,15.9,TRUE,1211
12423.0,2015-02-28,1.33,6.9,TRUE,1211
12423.0,2015-04-30,5.02,26.1,TRUE,1212
12423.0,2015-12-31,2.36,12.3,TRUE,1212
12423.0,2016-02-29,4.14,21.5,TRUE,1213
12423.0,2016-03-31,3.96,20.6,TRUE,1213
12423.0,2016-04-30,4.16,21.6,TRUE,1214
12423.0,2017-01-31,1.52,7.9,TRUE,1214
12427.0,2012-01-31,33.37,77.6,TRUE,1215
12427.0,2014-10-31,1.81,4.2,TRUE,1215
12427.0,2014-11-30,1.85,4.3,TRUE,1216
12427.0,2014-12-31,1.64,3.8,TRUE,1216
12427.0,2015-01-26,3.08,7.2,TRUE,1217
12427.0,2015-02-28,1.22,2.8,TRUE,1217
12427.0,2015-04-30,2.53,5.9,TRUE,1218
12427.0,2016-07-31,0.0,0.0,TRUE,1218
12430.0,2013-05-16,6.58,55.8,TRUE,1219
12430.0,2014-01-15,4.4,37.3,TRUE,1219
12430.0,2014-03-31,4.12,34.9,TRUE,1220
12430.0,2015-03-27,1.75,14.8,TRUE,1220
12430.0,2015-04-07,2.92,24.8,TRUE,1221
12430.0,2015-05-01,2.25,19.1,TRUE,1221
12430.0,2015-06-02,2.28,19.3,TRUE,1222
12430.0,2016-02-19,0.67,5.7,TRUE,1222
12430.0,2016-03-31,0.84,7.1,TRUE,1223
12430.0,2016-07-05,0.13,1.1,TRUE,1223
12430.0,2016-09-19,0.19,1.6,TRUE,1224
12430.0,2016-11-01,0.13,1.1,TRUE,1224
12434.0,2013-06-28,0.0,0.0,TRUE,1229
12434.0,2013-07-19,0.0,0.0,TRUE,1229
12447.0,2012-01-30,34.17,76.2,TRUE,1230
12447.0,2014-02-27,7.34,16.4,TRUE,1230
12447.0,2014-05-31,17.55,39.1,TRUE,1231
12447.0,2015-03-31,9.02,20.1,TRUE,1231
12447.0,2015-04-30,9.05,20.2,TRUE,1232
12447.0,2015-12-17,4.1,9.1,TRUE,1232
12447.0,2016-02-16,6.39,14.2,TRUE,1233
12447.0,2017-02-24,0.26,0.6,TRUE,1233
12451.0,2013-05-28,1.21,8.0,TRUE,1234
12451.0,2014-02-03,0.01,0.1,TRUE,1234
12451.0,2014-04-20,0.01,0.1,TRUE,1235
12451.0,2014-06-01,0.0,0.0,TRUE,1235
12451.0,2015-08-03,0.01,0.1,TRUE,1236
12451.0,2015-09-01,0.0,0.0,TRUE,1236
12451.0,2016-04-26,0.02,0.1,TRUE,1237
12451.0,2016-07-08,0.01,0.1,TRUE,1237
12457.0,2012-01-31,7.6,27.0,TRUE,1238
12457.0,2013-05-31,2.8,10.0,TRUE,1238
12457.0,2013-05-31,2.81,10.0,TRUE,1239
12457.0,2014-01-31,1.14,4.1,TRUE,1239
12457.0,2014-02-28,1.3,4.6,TRUE,1240
12457.0,2015-02-28,0.06,0.2,TRUE,1240
12457.0,2015-04-30,1.18,4.2,TRUE,1241
12457.0,2015-12-31,0.4,1.4,TRUE,1241
12457.0,2016-02-29,0.73,2.6,TRUE,1242
12457.0,2016-03-31,0.71,2.5,TRUE,1242
12457.0,2016-04-30,0.75,2.7,TRUE,1243
12457.0,2017-02-28,0.01,0.0,TRUE,1243
12458.0,2012-03-30,0.84,21.7,TRUE,1244
12458.0,2013-01-03,0.06,1.6,TRUE,1244
12458.0,2013-02-28,0.29,7.5,TRUE,1245
12458.0,2013-03-28,0.2,5.0,TRUE,1245
12458.0,2013-06-04,0.98,25.2,TRUE,1246
12458.0,2013-08-30,0.32,8.1,TRUE,1246
12458.0,2013-10-31,0.17,4.4,TRUE,1247
12458.0,2013-11-29,0.13,3.4,TRUE,1247
12458.0,2014-07-31,1.47,37.8,TRUE,1248
12458.0,2015-01-29,0.61,15.6,TRUE,1248
12458.0,2015-03-27,0.64,16.5,TRUE,1249
12458.0,2015-06-05,0.47,12.0,TRUE,1249
12461.0,2012-02-29,0.97,100.0,FALSE,1252
12461.0,2012-09-24,0.27,27.8,FALSE,1252
12461.0,2013-06-30,1.02,105.6,FALSE,1254
12461.0,2013-11-30,0.05,5.2,FALSE,1254
12461.0,2014-04-30,0.86,88.7,FALSE,1255
12461.0,2015-01-31,0.09,9.3,FALSE,1255
12461.0,2015-02-28,0.15,15.5,FALSE,1256
12461.0,2015-04-19,0.0,0.0,FALSE,1256
12461.0,2015-06-28,0.97,100.0,FALSE,1257
12461.0,2015-07-12,0.0,0.0,FALSE,1257
12461.0,2015-08-31,0.86,88.7,FALSE,1258
12461.0,2015-12-31,0.11,11.3,FALSE,1258
12461.0,2016-04-30,0.78,80.4,FALSE,1259
12461.0,2017-01-31,0.06,6.2,FALSE,1259
12465.0,2012-01-31,13.29,73.1,TRUE,1260
12465.0,2013-04-30,4.49,24.7,TRUE,1260
12465.0,2013-06-30,5.95,32.7,TRUE,1261
12465.0,2014-07-31,0.0,0.0,TRUE,1261
12465.0,2014-08-31,2.13,11.7,TRUE,1262
12465.0,2015-06-30,0.88,4.8,TRUE,1262
12465.0,2015-07-31,1.43,7.9,TRUE,1263
12465.0,2016-07-31,0.0,0.0,TRUE,1263
12468.0,2012-07-20,3.98,16.8,FALSE,1266
12468.0,2012-10-24,3.41,14.4,FALSE,1266
12468.0,2012-12-28,5.42,22.8,FALSE,1267
12468.0,2013-01-31,5.15,21.7,FALSE,1267
12468.0,2013-02-28,5.18,21.8,FALSE,1268
12468.0,2013-03-25,4.76,20.0,FALSE,1268
12468.0,2013-04-30,5.05,21.3,FALSE,1269
12468.0,2013-11-20,4.02,16.9,FALSE,1269
12468.0,2014-01-31,21.48,90.4,FALSE,1270
12468.0,2014-10-24,18.02,75.9,FALSE,1270
12468.0,2014-12-29,22.02,92.7,FALSE,1271
12468.0,2015-02-28,18.02,75.9,FALSE,1271
12468.0,2015-03-27,21.1,88.9,FALSE,1272
12468.0,2015-12-25,17.69,74.5,FALSE,1272
12468.0,2016-01-29,23.75,100.0,FALSE,1273
12468.0,2016-11-25,19.72,83.0,FALSE,1273
12468.0,2016-12-30,20.04,84.4,FALSE,1274
12468.0,2017-01-27,19.51,82.2,FALSE,1274
12468.0,2017-02-17,19.56,82.4,FALSE,1275
12468.0,2017-03-03,19.35,81.5,FALSE,1275
12470.0,2012-02-29,8.34,50.6,FALSE,1277
12470.0,2013-08-31,0.57,3.4,FALSE,1277
12470.0,2013-09-27,0.89,5.4,FALSE,1278
12470.0,2013-11-30,0.11,0.7,FALSE,1278
12470.0,2014-03-31,0.21,1.3,FALSE,1279
12470.0,2014-05-31,0.11,0.7,FALSE,1279
12470.0,2014-07-31,0.21,1.3,FALSE,1280
12470.0,2014-08-31,0.04,0.2,FALSE,1280
12470.0,2014-09-30,0.21,1.3,FALSE,1281
12470.0,2014-11-30,0.04,0.2,FALSE,1281
12470.0,2015-12-31,0.04,0.2,FALSE,1282
12470.0,2016-01-27,0.0,0.0,FALSE,1282
12470.0,2016-03-31,15.17,91.9,FALSE,1283
12470.0,2017-03-14,5.31,32.2,FALSE,1283
12471.0,2013-04-30,218.79,72.7,TRUE,1287
12471.0,2013-04-30,218.47,72.6,TRUE,1287
12471.0,2014-05-31,182.56,60.6,TRUE,1289
12471.0,2016-02-29,58.67,19.5,TRUE,1289
12471.0,2016-03-31,58.96,19.6,TRUE,1290
12471.0,2017-02-28,35.3,11.7,TRUE,1290
12480.0,2012-04-30,2.02,100.0,TRUE,1291
12480.0,2014-01-31,0.88,43.6,TRUE,1291
12480.0,2014-05-31,1.58,78.2,TRUE,1292
12480.0,2015-02-28,0.91,45.0,TRUE,1292
12480.0,2015-03-31,0.92,45.5,TRUE,1293
12480.0,2015-04-30,0.89,44.1,TRUE,1293
12480.0,2015-05-31,0.95,47.0,TRUE,1294
12480.0,2015-12-31,0.55,27.2,TRUE,1294
12480.0,2016-01-31,0.58,28.7,TRUE,1295
12480.0,2016-12-31,0.14,6.9,TRUE,1295
12485.0,2013-04-03,8.43,39.2,TRUE,1296
12485.0,2013-06-17,7.55,35.1,TRUE,1296
12485.0,2013-07-01,7.76,36.0,TRUE,1297
12485.0,2013-10-01,6.34,29.4,TRUE,1297
12485.0,2013-12-11,5.18,24.1,TRUE,1298
12485.0,2014-01-30,3.94,18.3,TRUE,1298
12485.0,2014-02-01,4.58,21.3,TRUE,1299
12485.0,2014-04-30,3.97,18.4,TRUE,1299
12485.0,2014-05-22,4.31,20.0,TRUE,1300
12485.0,2016-07-20,0.12,0.6,TRUE,1300
12489.0,2012-01-31,14.28,68.1,TRUE,1302
12489.0,2013-03-31,4.87,23.2,TRUE,1302
12489.0,2013-04-30,6.1,29.1,TRUE,1303
12489.0,2014-07-31,0.0,0.0,TRUE,1303
12489.0,2014-08-31,2.08,9.9,TRUE,1304
12489.0,2015-11-30,0.0,0.0,TRUE,1304
12491.0,2013-01-28,21.74,35.7,FALSE,1305
12491.0,2013-03-25,19.86,32.6,FALSE,1305
12491.0,2013-04-29,24.12,39.6,FALSE,1306
12491.0,2013-11-25,16.9,27.8,FALSE,1306
12491.0,2014-02-03,28.93,47.5,FALSE,1307
12491.0,2014-03-28,26.9,44.2,FALSE,1307
12491.0,2014-04-24,27.18,44.7,FALSE,1308
12491.0,2014-10-29,17.13,28.2,FALSE,1308
12491.0,2014-12-28,30.13,49.5,FALSE,1309
12491.0,2015-01-26,29.23,48.0,FALSE,1309
12491.0,2015-04-23,32.12,52.8,FALSE,1310
12491.0,2015-12-28,19.25,31.6,FALSE,1310
12491.0,2016-02-25,40.56,66.7,FALSE,1311
12491.0,2016-11-04,23.98,39.4,FALSE,1311
12491.0,2016-12-30,27.33,44.9,FALSE,1312
12491.0,2017-03-03,25.07,41.2,FALSE,1312
12495.0,2013-11-30,1.17,100.1,FALSE,1313
12495.0,2014-04-29,0.75,64.3,FALSE,1313
12495.0,2014-12-19,1.2,102.8,FALSE,1314
12495.0,2015-01-22,0.97,83.1,FALSE,1314
12495.0,2015-02-27,1.1,94.2,FALSE,1315
12495.0,2015-05-29,0.84,72.1,FALSE,1315
12495.0,2015-07-31,1.2,102.3,FALSE,1316
12495.0,2015-11-17,0.99,84.4,FALSE,1316
12495.0,2016-02-26,1.0,85.8,FALSE,1317
12495.0,2016-03-17,0.97,82.6,FALSE,1317
12495.0,2016-06-20,0.71,60.3,FALSE,1318
12495.0,2016-10-10,0.21,17.7,FALSE,1318
